Age,BusinessTravel,Education,MaritalStatus,OverTime,EmployeeNumber,DailyRate,Gender,accepted for the interview
41,Travel_Rarely,2,Single,Yes,1,1102,Female,TRUE
49,Travel_Frequently,1,Married,No,2,279,Male,FALSE
37,Travel_Rarely,2,Single,Yes,4,1373,Male,FALSE
33,Travel_Frequently,4,Married,Yes,5,1392,Female,FALSE
27,Travel_Rarely,1,Married,No,7,591,Male,FALSE
32,Travel_Frequently,2,Single,No,8,1005,Male,FALSE
59,Travel_Rarely,3,Married,Yes,10,1324,Female,FALSE
30,Travel_Rarely,1,Divorced,No,11,1358,Male,FALSE
38,Travel_Frequently,3,Single,No,12,216,Male,FALSE
36,Travel_Rarely,3,Married,No,13,1299,Male,FALSE
35,Travel_Rarely,3,Married,No,14,809,Male,FALSE
29,Travel_Rarely,2,Single,Yes,15,153,Female,TRUE
31,Travel_Rarely,1,Divorced,No,16,670,Male,FALSE
34,Travel_Rarely,2,Divorced,No,18,1346,Male,FALSE
28,Travel_Rarely,3,Single,Yes,19,103,Male,TRUE
29,Travel_Rarely,4,Divorced,No,20,1389,Female,FALSE
32,Travel_Rarely,2,Divorced,Yes,21,334,Male,TRUE
22,Non-Travel,2,Divorced,Yes,22,1123,Male,FALSE
53,Travel_Rarely,4,Married,No,23,1219,Female,FALSE
38,Travel_Rarely,3,Single,Yes,24,371,Male,TRUE
24,Non-Travel,2,Divorced,No,26,673,Female,FALSE
36,Travel_Rarely,4,Single,No,27,1218,Male,TRUE
34,Travel_Rarely,4,Single,No,28,419,Female,FALSE
21,Travel_Rarely,2,Single,No,30,391,Male,FALSE
34,Travel_Rarely,1,Single,No,31,699,Male,FALSE
53,Travel_Rarely,3,Divorced,No,32,1282,Female,FALSE
32,Travel_Frequently,1,Single,Yes,33,1125,Female,TRUE
42,Travel_Rarely,4,Married,No,35,691,Male,FALSE
44,Travel_Rarely,4,Married,No,36,477,Female,FALSE
46,Travel_Rarely,4,Single,No,38,705,Female,FALSE
33,Travel_Rarely,3,Single,No,39,924,Male,FALSE
44,Travel_Rarely,4,Married,Yes,40,1459,Male,FALSE
30,Travel_Rarely,2,Single,No,41,125,Male,FALSE
39,Travel_Rarely,3,Married,No,42,895,Male,FALSE
24,Travel_Rarely,3,Married,Yes,45,813,Male,FALSE
43,Travel_Rarely,2,Divorced,No,46,1273,Female,FALSE
50,Travel_Rarely,2,Married,Yes,47,869,Male,FALSE
35,Travel_Rarely,3,Married,No,49,890,Female,FALSE
36,Travel_Rarely,4,Married,Yes,51,852,Female,FALSE
33,Travel_Frequently,3,Married,No,52,1141,Female,FALSE
35,Travel_Rarely,2,Divorced,No,53,464,Male,FALSE
27,Travel_Rarely,4,Divorced,No,54,1240,Female,FALSE
26,Travel_Rarely,3,Single,No,55,1357,Male,FALSE
27,Travel_Frequently,3,Single,No,56,994,Male,FALSE
30,Travel_Frequently,2,Single,No,57,721,Female,FALSE
41,Travel_Rarely,3,Married,No,58,1360,Female,FALSE
34,Non-Travel,4,Single,No,60,1065,Male,FALSE
37,Travel_Rarely,2,Married,No,61,408,Male,FALSE
46,Travel_Frequently,4,Single,Yes,62,1211,Male,TRUE
35,Travel_Rarely,1,Married,No,63,1229,Male,FALSE
48,Travel_Rarely,2,Single,Yes,64,626,Male,TRUE
28,Travel_Rarely,4,Single,Yes,65,1434,Male,TRUE
44,Travel_Rarely,5,Divorced,Yes,68,1488,Female,TRUE
35,Non-Travel,2,Married,Yes,70,1097,Male,FALSE
26,Travel_Rarely,3,Married,Yes,72,1443,Female,FALSE
33,Travel_Frequently,2,Single,Yes,73,515,Female,TRUE
35,Travel_Frequently,5,Married,No,74,853,Male,FALSE
35,Travel_Rarely,4,Married,Yes,75,1142,Female,FALSE
31,Travel_Rarely,4,Divorced,No,76,655,Male,FALSE
37,Travel_Rarely,4,Divorced,No,77,1115,Male,FALSE
32,Travel_Rarely,3,Married,Yes,78,427,Male,FALSE
38,Travel_Frequently,5,Single,No,79,653,Female,FALSE
50,Travel_Rarely,2,Divorced,Yes,80,989,Female,FALSE
59,Travel_Rarely,3,Single,No,81,1435,Female,FALSE
36,Travel_Rarely,3,Divorced,No,83,1223,Female,FALSE
55,Travel_Rarely,3,Divorced,Yes,84,836,Female,TRUE
36,Travel_Frequently,3,Single,No,85,1195,Male,FALSE
45,Travel_Rarely,3,Divorced,No,86,1339,Male,FALSE
35,Travel_Frequently,3,Married,No,88,664,Male,FALSE
36,Travel_Rarely,3,Married,Yes,90,318,Male,FALSE
59,Travel_Frequently,1,Single,No,91,1225,Female,FALSE
29,Travel_Rarely,3,Married,No,94,1328,Male,FALSE
31,Travel_Rarely,4,Single,No,95,1082,Male,FALSE
32,Travel_Rarely,3,Married,No,96,548,Male,FALSE
36,Travel_Rarely,3,Married,No,97,132,Female,FALSE
31,Travel_Rarely,4,Single,No,98,746,Female,FALSE
35,Travel_Rarely,4,Single,No,100,776,Male,FALSE
45,Travel_Rarely,4,Married,Yes,101,193,Male,FALSE
37,Travel_Rarely,4,Single,No,102,397,Male,FALSE
46,Travel_Rarely,2,Divorced,Yes,103,945,Male,TRUE
30,Travel_Rarely,1,Married,Yes,104,852,Male,FALSE
35,Travel_Rarely,3,Single,No,105,1214,Male,FALSE
55,Travel_Rarely,2,Married,No,106,111,Male,FALSE
38,Non-Travel,3,Divorced,Yes,107,573,Female,FALSE
34,Travel_Rarely,2,Married,No,110,1153,Male,FALSE
56,Travel_Rarely,3,Single,No,112,1400,Male,FALSE
23,Travel_Rarely,1,Divorced,No,113,541,Male,FALSE
51,Travel_Rarely,4,Married,No,116,432,Male,FALSE
30,Travel_Rarely,3,Married,No,117,288,Male,FALSE
46,Travel_Rarely,2,Single,No,118,669,Male,FALSE
40,Travel_Frequently,4,Married,No,119,530,Male,FALSE
51,Travel_Rarely,4,Single,Yes,120,632,Male,TRUE
30,Travel_Rarely,2,Divorced,Yes,121,1334,Female,TRUE
46,Travel_Frequently,3,Married,Yes,124,638,Male,FALSE
32,Travel_Rarely,4,Single,No,125,1093,Male,FALSE
54,Travel_Rarely,4,Married,No,126,1217,Female,FALSE
24,Travel_Rarely,2,Married,No,128,1353,Female,FALSE
28,Non-Travel,3,Married,No,129,120,Male,FALSE
58,Travel_Rarely,4,Single,No,131,682,Male,FALSE
44,Non-Travel,3,Married,No,132,489,Male,FALSE
37,Travel_Rarely,4,Divorced,Yes,133,807,Male,TRUE
32,Travel_Rarely,1,Single,No,134,827,Male,FALSE
20,Travel_Frequently,3,Single,Yes,137,871,Female,TRUE
34,Travel_Rarely,4,Single,No,138,665,Female,FALSE
37,Non-Travel,2,Divorced,No,139,1040,Male,FALSE
59,Non-Travel,4,Married,No,140,1420,Female,FALSE
50,Travel_Frequently,3,Married,Yes,141,1115,Female,FALSE
25,Travel_Rarely,3,Single,Yes,142,240,Male,TRUE
25,Travel_Rarely,1,Married,No,143,1280,Male,FALSE
22,Travel_Rarely,3,Single,No,144,534,Female,FALSE
51,Travel_Frequently,4,Single,No,145,1456,Female,FALSE
34,Travel_Frequently,3,Single,Yes,147,658,Male,TRUE
54,Non-Travel,3,Single,Yes,148,142,Female,FALSE
24,Travel_Rarely,1,Married,No,150,1127,Male,FALSE
34,Travel_Rarely,4,Divorced,No,151,1031,Female,FALSE
37,Travel_Rarely,3,Single,No,152,1189,Male,FALSE
34,Travel_Rarely,3,Single,No,153,1354,Female,FALSE
36,Travel_Frequently,2,Married,No,154,1467,Female,FALSE
36,Travel_Rarely,2,Divorced,No,155,922,Female,FALSE
43,Travel_Frequently,2,Married,Yes,158,394,Male,FALSE
30,Travel_Frequently,3,Divorced,No,159,1312,Male,FALSE
33,Non-Travel,2,Married,No,160,750,Male,FALSE
56,Travel_Rarely,4,Married,Yes,161,441,Female,FALSE
51,Travel_Rarely,3,Single,No,162,684,Male,FALSE
31,Travel_Rarely,4,Married,Yes,163,249,Male,FALSE
26,Travel_Rarely,3,Married,No,164,841,Female,FALSE
58,Travel_Rarely,4,Married,No,165,147,Female,FALSE
19,Travel_Rarely,1,Single,Yes,167,528,Male,FALSE
22,Travel_Rarely,1,Married,No,169,594,Male,FALSE
49,Travel_Rarely,4,Married,No,170,470,Female,FALSE
43,Travel_Frequently,3,Single,No,171,957,Female,FALSE
50,Travel_Frequently,3,Single,No,174,809,Female,FALSE
31,Travel_Rarely,3,Married,Yes,175,542,Female,FALSE
41,Travel_Rarely,1,Divorced,Yes,176,802,Male,FALSE
26,Travel_Rarely,1,Married,No,177,1355,Female,FALSE
36,Travel_Rarely,2,Divorced,No,178,216,Male,FALSE
51,Travel_Frequently,4,Single,No,179,1150,Male,FALSE
39,Travel_Rarely,4,Married,No,182,1329,Female,FALSE
25,Travel_Rarely,3,Married,No,183,959,Male,FALSE
30,Travel_Rarely,3,Married,Yes,184,1240,Male,FALSE
32,Travel_Rarely,3,Single,No,190,1033,Female,FALSE
45,Travel_Rarely,3,Single,No,192,1316,Male,FALSE
38,Travel_Rarely,5,Single,Yes,193,364,Female,TRUE
30,Travel_Rarely,3,Single,No,194,438,Female,FALSE
32,Travel_Frequently,2,Divorced,No,195,689,Male,FALSE
30,Travel_Rarely,3,Divorced,No,197,201,Female,FALSE
30,Travel_Rarely,1,Single,No,198,1427,Male,FALSE
41,Travel_Frequently,3,Divorced,No,199,857,Male,FALSE
41,Travel_Rarely,4,Married,No,200,933,Male,FALSE
19,Travel_Rarely,1,Single,No,201,1181,Female,FALSE
40,Travel_Frequently,3,Divorced,No,202,1395,Female,FALSE
35,Travel_Rarely,5,Married,No,204,662,Male,FALSE
53,Travel_Rarely,2,Married,Yes,205,1436,Male,FALSE
45,Travel_Rarely,3,Divorced,No,206,194,Male,FALSE
32,Travel_Frequently,3,Single,No,207,967,Female,FALSE
29,Non-Travel,1,Married,No,208,1496,Male,FALSE
51,Travel_Rarely,4,Married,No,211,1169,Male,FALSE
58,Travel_Rarely,3,Married,Yes,214,1145,Female,FALSE
40,Travel_Rarely,4,Married,No,215,630,Male,FALSE
34,Travel_Frequently,4,Married,No,216,303,Female,FALSE
22,Travel_Rarely,1,Married,No,217,1256,Male,FALSE
27,Non-Travel,3,Divorced,No,218,691,Male,FALSE
28,Travel_Rarely,3,Married,No,221,440,Male,FALSE
57,Travel_Rarely,2,Divorced,Yes,223,334,Male,TRUE
27,Non-Travel,3,Divorced,Yes,224,1450,Male,FALSE
50,Travel_Rarely,3,Single,No,226,1452,Female,FALSE
41,Travel_Rarely,3,Divorced,No,227,465,Male,FALSE
30,Travel_Rarely,3,Married,No,228,1339,Female,FALSE
38,Travel_Rarely,4,Single,No,230,702,Female,FALSE
32,Travel_Rarely,5,Single,No,231,120,Male,FALSE
27,Travel_Rarely,3,Married,Yes,233,1157,Male,FALSE
19,Travel_Frequently,1,Single,No,235,602,Female,FALSE
36,Travel_Frequently,2,Single,No,238,1480,Male,FALSE
30,Non-Travel,3,Divorced,No,239,111,Male,FALSE
45,Travel_Rarely,2,Divorced,Yes,240,1268,Female,TRUE
56,Travel_Rarely,3,Divorced,Yes,241,713,Female,TRUE
33,Travel_Rarely,3,Single,No,242,134,Male,FALSE
19,Travel_Rarely,3,Single,No,243,303,Male,FALSE
46,Travel_Rarely,2,Divorced,No,244,526,Female,FALSE
38,Travel_Rarely,2,Single,No,245,1380,Female,FALSE
31,Travel_Rarely,1,Married,Yes,246,140,Female,FALSE
34,Travel_Rarely,2,Single,No,247,629,Female,FALSE
41,Travel_Rarely,2,Single,Yes,248,1356,Female,TRUE
50,Travel_Rarely,3,Married,No,249,328,Male,FALSE
53,Travel_Rarely,2,Divorced,No,250,1084,Female,FALSE
33,Travel_Rarely,3,Married,No,252,931,Female,FALSE
40,Travel_Rarely,1,Married,No,253,989,Female,FALSE
55,Travel_Rarely,4,Single,No,254,692,Male,FALSE
34,Travel_Frequently,1,Married,No,256,1069,Male,FALSE
51,Travel_Rarely,3,Single,No,258,313,Female,FALSE
52,Travel_Rarely,4,Married,No,259,699,Male,FALSE
27,Travel_Rarely,3,Single,No,260,894,Female,FALSE
35,Travel_Rarely,2,Married,Yes,261,556,Male,FALSE
43,Non-Travel,3,Divorced,No,262,1344,Male,FALSE
45,Non-Travel,2,Married,No,264,1195,Male,FALSE
37,Travel_Rarely,3,Married,Yes,267,290,Male,FALSE
35,Travel_Frequently,3,Single,No,269,138,Female,FALSE
42,Non-Travel,2,Divorced,No,270,926,Female,FALSE
38,Travel_Rarely,4,Married,No,271,1261,Male,FALSE
38,Travel_Rarely,3,Married,No,273,1084,Male,FALSE
27,Travel_Frequently,1,Married,No,274,472,Male,FALSE
49,Non-Travel,4,Divorced,Yes,275,1002,Male,FALSE
34,Travel_Frequently,4,Divorced,Yes,277,878,Male,TRUE
40,Travel_Rarely,2,Married,Yes,281,905,Male,FALSE
38,Travel_Rarely,1,Married,Yes,282,1180,Male,FALSE
29,Travel_Rarely,3,Married,No,283,121,Female,FALSE
22,Travel_Rarely,3,Divorced,Yes,284,1136,Male,TRUE
36,Travel_Frequently,1,Single,No,286,635,Female,FALSE
40,Non-Travel,5,Married,No,287,1151,Male,FALSE
46,Travel_Rarely,4,Divorced,No,288,644,Male,FALSE
32,Travel_Rarely,4,Married,No,291,1045,Male,FALSE
30,Non-Travel,1,Single,No,292,829,Male,FALSE
27,Travel_Frequently,3,Single,No,293,1242,Female,FALSE
51,Travel_Rarely,4,Married,No,296,1469,Male,FALSE
30,Travel_Rarely,3,Single,Yes,297,1005,Female,TRUE
41,Travel_Rarely,3,Single,Yes,298,896,Female,TRUE
30,Travel_Frequently,4,Single,No,299,334,Female,FALSE
29,Travel_Rarely,3,Single,No,300,992,Male,FALSE
45,Non-Travel,3,Single,No,302,1052,Female,FALSE
54,Travel_Rarely,3,Married,No,303,1147,Female,FALSE
36,Travel_Rarely,2,Single,No,304,1396,Male,FALSE
33,Travel_Rarely,4,Married,No,305,147,Female,FALSE
37,Travel_Frequently,3,Divorced,Yes,306,663,Male,TRUE
38,Travel_Rarely,3,Divorced,No,307,119,Male,FALSE
31,Non-Travel,4,Married,No,308,979,Male,FALSE
59,Travel_Rarely,3,Married,No,309,142,Male,FALSE
37,Travel_Frequently,4,Divorced,No,311,319,Male,FALSE
29,Travel_Frequently,1,Married,No,312,1413,Female,FALSE
35,Travel_Frequently,3,Single,No,314,944,Female,FALSE
29,Travel_Rarely,1,Single,Yes,315,896,Male,FALSE
52,Travel_Rarely,3,Single,No,316,1323,Female,FALSE
42,Travel_Rarely,2,Married,No,319,532,Male,FALSE
59,Travel_Rarely,2,Married,No,321,818,Male,FALSE
50,Travel_Rarely,4,Divorced,No,323,854,Female,FALSE
33,Travel_Rarely,3,Married,Yes,325,813,Male,FALSE
43,Travel_Rarely,3,Married,Yes,327,1034,Female,FALSE
33,Travel_Rarely,2,Married,No,328,465,Female,FALSE
52,Non-Travel,4,Single,Yes,329,771,Male,FALSE
32,Travel_Rarely,2,Married,No,330,1401,Female,FALSE
32,Travel_Rarely,3,Single,Yes,331,515,Male,TRUE
39,Travel_Rarely,4,Divorced,No,332,1431,Female,FALSE
32,Non-Travel,4,Married,No,333,976,Male,FALSE
41,Travel_Rarely,2,Divorced,No,334,1411,Male,FALSE
40,Travel_Rarely,2,Divorced,No,335,1300,Male,FALSE
45,Travel_Rarely,3,Married,No,336,252,Male,FALSE
31,Travel_Frequently,4,Divorced,No,337,1327,Male,FALSE
33,Travel_Rarely,4,Married,No,338,832,Female,FALSE
34,Travel_Rarely,4,Married,No,339,470,Male,FALSE
37,Travel_Rarely,2,Married,No,340,1017,Female,FALSE
45,Travel_Frequently,4,Married,No,341,1199,Male,FALSE
37,Travel_Frequently,3,Divorced,No,342,504,Male,FALSE
39,Travel_Frequently,4,Single,No,343,505,Female,FALSE
29,Travel_Rarely,3,Single,No,346,665,Male,FALSE
42,Travel_Rarely,2,Single,Yes,347,916,Female,TRUE
29,Travel_Rarely,2,Divorced,No,349,1247,Male,FALSE
25,Travel_Rarely,3,Married,No,350,685,Female,FALSE
42,Travel_Rarely,3,Divorced,Yes,351,269,Female,TRUE
40,Travel_Rarely,2,Divorced,No,352,1416,Male,FALSE
51,Travel_Rarely,3,Married,No,353,833,Male,FALSE
31,Travel_Frequently,2,Single,No,355,307,Male,FALSE
32,Travel_Frequently,3,Married,No,359,1311,Male,FALSE
38,Non-Travel,2,Married,No,361,1327,Male,FALSE
32,Travel_Rarely,1,Single,No,362,128,Male,FALSE
46,Travel_Rarely,3,Married,Yes,363,488,Female,FALSE
28,Travel_Rarely,4,Single,No,364,529,Male,FALSE
29,Travel_Rarely,3,Married,No,366,1210,Male,FALSE
31,Travel_Rarely,3,Married,No,367,1463,Male,FALSE
25,Non-Travel,2,Divorced,No,369,675,Male,FALSE
45,Travel_Rarely,2,Married,Yes,372,1385,Male,FALSE
36,Travel_Rarely,3,Married,No,373,1403,Male,FALSE
55,Travel_Rarely,3,Single,Yes,374,452,Male,FALSE
47,Non-Travel,4,Married,Yes,376,666,Male,FALSE
28,Travel_Rarely,3,Married,No,377,1158,Male,FALSE
37,Travel_Rarely,4,Married,No,378,228,Male,FALSE
21,Travel_Rarely,2,Single,No,379,996,Male,FALSE
37,Non-Travel,4,Divorced,Yes,380,728,Female,FALSE
35,Travel_Rarely,3,Divorced,No,381,1315,Female,FALSE
38,Travel_Rarely,2,Divorced,Yes,382,322,Female,TRUE
26,Travel_Frequently,3,Divorced,No,384,1479,Female,FALSE
50,Travel_Rarely,1,Divorced,No,385,797,Male,FALSE
53,Travel_Rarely,4,Married,Yes,386,1070,Male,FALSE
42,Travel_Rarely,1,Married,No,387,635,Male,FALSE
29,Travel_Frequently,2,Single,No,388,442,Male,FALSE
55,Travel_Rarely,2,Married,Yes,389,147,Male,FALSE
26,Travel_Frequently,2,Married,Yes,390,496,Male,FALSE
37,Travel_Rarely,3,Single,No,391,1372,Female,FALSE
44,Travel_Frequently,3,Divorced,Yes,392,920,Male,TRUE
38,Travel_Rarely,4,Divorced,No,393,688,Male,FALSE
26,Travel_Rarely,4,Divorced,Yes,394,1449,Male,TRUE
28,Travel_Rarely,2,Single,No,395,1117,Female,FALSE
49,Travel_Frequently,4,Single,Yes,396,636,Female,TRUE
36,Travel_Rarely,3,Single,No,397,506,Male,FALSE
31,Travel_Frequently,3,Divorced,No,399,444,Female,FALSE
26,Travel_Rarely,4,Single,Yes,401,950,Male,TRUE
37,Travel_Frequently,3,Married,Yes,403,889,Male,FALSE
42,Travel_Frequently,3,Married,No,404,555,Female,FALSE
18,Travel_Rarely,3,Single,No,405,230,Male,FALSE
35,Travel_Rarely,3,Married,No,406,1232,Male,FALSE
36,Travel_Frequently,4,Married,No,407,566,Male,FALSE
51,Travel_Rarely,3,Divorced,No,408,1302,Male,FALSE
41,Travel_Rarely,4,Single,No,410,334,Male,FALSE
18,Travel_Rarely,3,Single,No,411,812,Female,FALSE
28,Travel_Rarely,2,Single,No,412,1476,Male,FALSE
31,Travel_Rarely,3,Married,No,416,218,Male,FALSE
39,Travel_Rarely,3,Divorced,No,417,1132,Male,FALSE
36,Non-Travel,4,Married,No,419,1105,Female,FALSE
32,Travel_Rarely,3,Married,No,420,906,Male,FALSE
38,Travel_Rarely,2,Married,No,421,849,Female,FALSE
58,Non-Travel,4,Divorced,Yes,422,390,Male,FALSE
31,Travel_Rarely,4,Married,Yes,423,691,Male,FALSE
31,Travel_Rarely,3,Married,No,424,106,Male,FALSE
45,Travel_Frequently,3,Divorced,No,425,1249,Male,FALSE
31,Travel_Rarely,4,Divorced,Yes,426,192,Male,TRUE
33,Travel_Frequently,4,Married,No,428,553,Female,FALSE
39,Travel_Rarely,1,Married,Yes,429,117,Male,FALSE
43,Travel_Frequently,4,Single,No,430,185,Female,FALSE
49,Travel_Rarely,2,Single,Yes,431,1091,Female,TRUE
52,Travel_Rarely,4,Married,No,433,723,Male,FALSE
27,Travel_Rarely,3,Single,Yes,434,1220,Female,TRUE
32,Travel_Rarely,2,Married,Yes,436,588,Female,FALSE
27,Travel_Rarely,3,Single,Yes,437,1377,Male,TRUE
31,Travel_Rarely,3,Divorced,No,438,691,Male,FALSE
32,Travel_Rarely,4,Single,No,439,1018,Female,FALSE
28,Travel_Rarely,4,Married,Yes,440,1157,Male,FALSE
30,Travel_Rarely,2,Married,No,441,1275,Female,FALSE
31,Travel_Frequently,2,Married,No,442,798,Female,FALSE
39,Travel_Frequently,2,Married,No,444,672,Male,FALSE
39,Travel_Rarely,2,Married,Yes,445,1162,Female,FALSE
33,Travel_Frequently,3,Single,No,446,508,Male,FALSE
47,Travel_Rarely,5,Married,No,447,1482,Male,FALSE
43,Travel_Frequently,4,Divorced,No,448,559,Female,FALSE
27,Non-Travel,1,Married,Yes,449,210,Male,FALSE
54,Travel_Frequently,4,Single,No,450,928,Female,FALSE
43,Travel_Rarely,3,Married,No,451,1001,Female,FALSE
45,Travel_Rarely,4,Married,No,452,549,Male,FALSE
40,Travel_Rarely,2,Married,Yes,453,1124,Male,FALSE
29,Travel_Rarely,4,Married,Yes,454,318,Male,FALSE
29,Travel_Rarely,5,Single,No,455,738,Male,FALSE
30,Travel_Rarely,3,Divorced,No,456,570,Female,FALSE
27,Travel_Rarely,4,Married,No,458,1130,Female,FALSE
37,Travel_Rarely,2,Divorced,No,460,1192,Male,FALSE
38,Travel_Rarely,2,Divorced,Yes,461,343,Male,TRUE
31,Travel_Rarely,4,Single,Yes,462,1232,Female,TRUE
29,Travel_Rarely,1,Divorced,Yes,463,144,Female,FALSE
35,Travel_Rarely,4,Single,No,464,1296,Male,FALSE
23,Travel_Rarely,1,Divorced,No,465,1309,Male,FALSE
41,Travel_Rarely,3,Single,Yes,466,483,Male,TRUE
47,Travel_Frequently,1,Single,No,467,1309,Male,FALSE
42,Travel_Rarely,5,Single,No,468,810,Female,FALSE
29,Non-Travel,3,Married,No,469,746,Male,FALSE
42,Travel_Rarely,1,Divorced,Yes,470,544,Male,FALSE
32,Travel_Rarely,3,Married,No,471,1062,Female,FALSE
48,Travel_Rarely,1,Married,No,473,530,Female,FALSE
37,Travel_Rarely,3,Divorced,Yes,474,1319,Male,TRUE
30,Non-Travel,2,Married,Yes,475,641,Female,FALSE
26,Travel_Rarely,3,Married,No,476,933,Male,FALSE
42,Travel_Rarely,4,Single,No,477,1332,Male,FALSE
21,Travel_Frequently,1,Single,Yes,478,756,Female,FALSE
36,Non-Travel,5,Single,No,479,845,Female,FALSE
36,Travel_Frequently,4,Married,No,481,541,Male,FALSE
57,Travel_Rarely,4,Married,No,482,593,Male,FALSE
40,Travel_Rarely,4,Married,Yes,483,1171,Female,FALSE
21,Non-Travel,2,Single,No,484,895,Male,FALSE
33,Travel_Rarely,3,Single,Yes,485,350,Female,TRUE
37,Travel_Rarely,3,Married,No,486,921,Female,FALSE
46,Non-Travel,4,Married,No,487,1144,Female,FALSE
41,Travel_Frequently,3,Single,No,488,143,Male,FALSE
50,Travel_Rarely,3,Single,No,491,1046,Male,FALSE
40,Travel_Rarely,2,Married,Yes,492,575,Male,FALSE
31,Travel_Rarely,4,Single,Yes,493,408,Male,TRUE
21,Travel_Rarely,3,Single,No,494,156,Female,FALSE
29,Travel_Rarely,3,Single,No,495,1283,Male,FALSE
35,Travel_Rarely,4,Single,No,496,755,Male,FALSE
27,Travel_Rarely,2,Divorced,No,497,1469,Male,FALSE
28,Travel_Rarely,4,Single,No,498,304,Male,FALSE
49,Travel_Rarely,3,Single,No,499,1261,Male,FALSE
51,Travel_Rarely,2,Married,No,500,1178,Female,FALSE
36,Travel_Rarely,3,Married,No,501,329,Female,FALSE
34,Non-Travel,3,Single,Yes,502,1362,Male,FALSE
55,Travel_Rarely,3,Single,Yes,505,1311,Female,TRUE
24,Travel_Rarely,4,Divorced,Yes,507,1371,Female,FALSE
30,Travel_Rarely,1,Married,No,508,202,Male,FALSE
26,Travel_Frequently,1,Single,No,510,575,Male,FALSE
22,Travel_Rarely,3,Married,No,511,253,Female,FALSE
36,Travel_Rarely,2,Married,No,513,164,Male,FALSE
30,Travel_Frequently,3,Single,Yes,514,464,Male,TRUE
37,Travel_Rarely,3,Divorced,No,515,1107,Female,FALSE
40,Travel_Rarely,2,Divorced,No,516,759,Female,FALSE
42,Travel_Rarely,4,Divorced,No,517,201,Female,FALSE
37,Travel_Rarely,4,Single,Yes,518,1305,Male,TRUE
43,Travel_Rarely,3,Divorced,No,520,982,Male,FALSE
40,Travel_Rarely,3,Married,No,521,555,Female,FALSE
54,Travel_Rarely,2,Married,No,522,821,Male,FALSE
34,Non-Travel,4,Married,No,523,1381,Female,FALSE
31,Travel_Rarely,2,Married,No,524,480,Female,FALSE
43,Travel_Frequently,3,Married,No,525,313,Male,FALSE
43,Travel_Rarely,4,Divorced,Yes,526,1473,Female,TRUE
25,Travel_Rarely,2,Single,Yes,527,891,Female,TRUE
37,Non-Travel,5,Married,Yes,529,1063,Female,FALSE
31,Travel_Rarely,2,Married,No,530,329,Male,FALSE
39,Travel_Frequently,1,Divorced,Yes,531,1218,Male,FALSE
56,Travel_Frequently,3,Married,No,532,906,Female,FALSE
30,Travel_Rarely,3,Single,No,533,1082,Female,FALSE
41,Travel_Rarely,3,Married,No,534,645,Male,FALSE
28,Travel_Rarely,2,Divorced,No,536,1300,Male,FALSE
25,Travel_Rarely,3,Married,No,538,688,Male,FALSE
52,Travel_Rarely,3,Married,Yes,543,319,Male,FALSE
45,Travel_Rarely,2,Married,No,544,192,Male,FALSE
52,Travel_Rarely,2,Married,No,546,1490,Female,FALSE
42,Travel_Frequently,2,Divorced,No,547,532,Female,FALSE
30,Travel_Rarely,3,Single,No,548,317,Female,FALSE
60,Travel_Rarely,3,Married,No,549,422,Female,FALSE
46,Travel_Rarely,3,Divorced,No,550,1485,Female,FALSE
42,Travel_Frequently,4,Married,No,551,1368,Female,FALSE
24,Travel_Rarely,1,Single,Yes,554,1448,Female,FALSE
34,Travel_Frequently,2,Divorced,No,555,296,Female,FALSE
38,Travel_Frequently,2,Married,Yes,556,1490,Male,FALSE
40,Travel_Rarely,4,Married,No,558,1398,Female,FALSE
26,Travel_Rarely,3,Divorced,No,560,1349,Female,FALSE
30,Non-Travel,3,Married,No,562,1400,Male,FALSE
29,Travel_Rarely,4,Married,No,564,986,Male,FALSE
29,Travel_Rarely,5,Married,No,565,408,Female,FALSE
19,Travel_Rarely,2,Single,No,566,489,Male,FALSE
30,Non-Travel,4,Married,No,567,1398,Female,FALSE
57,Travel_Rarely,3,Divorced,No,568,210,Male,FALSE
50,Travel_Rarely,4,Married,No,569,1099,Male,FALSE
30,Non-Travel,3,Single,No,571,1116,Female,FALSE
60,Travel_Frequently,3,Married,No,573,1499,Female,FALSE
47,Travel_Rarely,2,Divorced,No,574,983,Female,FALSE
46,Travel_Rarely,3,Married,No,575,1009,Male,FALSE
35,Travel_Rarely,3,Single,No,577,144,Male,FALSE
54,Travel_Rarely,4,Single,No,578,548,Female,FALSE
34,Travel_Rarely,4,Divorced,No,579,1303,Male,FALSE
46,Travel_Rarely,3,Married,Yes,580,1125,Female,FALSE
31,Travel_Rarely,1,Divorced,No,581,1274,Male,FALSE
33,Travel_Rarely,1,Married,Yes,582,1277,Male,FALSE
33,Travel_Rarely,1,Divorced,No,584,587,Male,FALSE
30,Travel_Rarely,1,Single,No,585,413,Male,FALSE
35,Travel_Rarely,3,Married,Yes,586,1276,Male,FALSE
31,Travel_Frequently,3,Married,No,587,534,Male,FALSE
34,Travel_Frequently,3,Divorced,Yes,590,988,Female,TRUE
42,Travel_Frequently,2,Married,No,591,1474,Male,FALSE
36,Non-Travel,4,Single,No,592,635,Male,FALSE
22,Travel_Frequently,1,Single,No,593,1368,Male,FALSE
48,Travel_Rarely,5,Married,No,595,163,Female,FALSE
55,Travel_Rarely,5,Single,No,597,1117,Female,FALSE
41,Non-Travel,2,Single,No,599,267,Male,FALSE
35,Travel_Rarely,3,Married,No,600,619,Male,FALSE
40,Travel_Rarely,3,Single,No,601,302,Female,FALSE
39,Travel_Frequently,1,Married,No,602,443,Female,FALSE
31,Travel_Rarely,1,Single,Yes,604,828,Male,FALSE
42,Travel_Rarely,3,Married,Yes,605,319,Male,FALSE
45,Travel_Rarely,3,Married,No,606,561,Male,FALSE
26,Travel_Frequently,4,Divorced,Yes,608,426,Female,TRUE
29,Travel_Rarely,3,Divorced,No,611,232,Male,FALSE
33,Travel_Rarely,5,Divorced,No,612,922,Female,FALSE
31,Travel_Rarely,3,Divorced,No,613,688,Male,FALSE
18,Travel_Frequently,3,Single,Yes,614,1306,Male,TRUE
40,Non-Travel,3,Divorced,No,615,1094,Male,FALSE
41,Non-Travel,4,Single,Yes,616,509,Female,FALSE
26,Travel_Rarely,2,Divorced,No,618,775,Male,FALSE
35,Travel_Rarely,3,Single,No,620,195,Female,FALSE
34,Travel_Rarely,4,Single,No,621,258,Male,FALSE
26,Travel_Rarely,3,Single,Yes,622,471,Male,TRUE
37,Travel_Rarely,3,Single,No,623,799,Female,FALSE
46,Travel_Frequently,1,Married,No,624,1034,Female,FALSE
41,Travel_Rarely,5,Married,No,625,1276,Female,FALSE
37,Non-Travel,4,Divorced,No,626,142,Male,FALSE
52,Travel_Rarely,2,Divorced,Yes,630,956,Male,FALSE
32,Non-Travel,4,Married,No,631,1474,Male,FALSE
24,Travel_Frequently,3,Married,No,632,535,Male,FALSE
38,Travel_Rarely,3,Married,No,634,1495,Female,FALSE
37,Travel_Rarely,4,Married,No,635,446,Female,FALSE
49,Travel_Rarely,4,Divorced,Yes,638,1245,Male,TRUE
24,Travel_Rarely,3,Married,Yes,639,691,Male,FALSE
26,Travel_Rarely,2,Married,No,641,703,Male,FALSE
24,Travel_Rarely,2,Married,No,643,823,Male,FALSE
50,Travel_Frequently,3,Married,No,644,1246,Male,FALSE
25,Travel_Rarely,1,Married,No,645,622,Male,FALSE
24,Travel_Frequently,3,Married,Yes,647,1287,Female,FALSE
30,Travel_Frequently,4,Married,No,648,448,Male,FALSE
34,Travel_Rarely,2,Married,Yes,649,254,Male,FALSE
31,Travel_Rarely,4,Divorced,No,650,1365,Male,FALSE
35,Travel_Rarely,2,Single,No,652,538,Male,FALSE
31,Travel_Rarely,4,Divorced,No,653,525,Male,FALSE
27,Travel_Rarely,4,Divorced,No,655,798,Female,FALSE
37,Travel_Rarely,3,Married,Yes,656,558,Male,FALSE
20,Travel_Rarely,3,Single,No,657,959,Female,FALSE
42,Travel_Rarely,4,Married,No,659,622,Female,FALSE
43,Travel_Rarely,4,Divorced,Yes,661,782,Male,TRUE
38,Travel_Rarely,1,Single,No,662,362,Female,FALSE
43,Travel_Frequently,5,Divorced,Yes,663,1001,Male,FALSE
48,Travel_Rarely,4,Married,No,664,1236,Female,FALSE
44,Travel_Rarely,4,Single,No,665,1112,Female,FALSE
34,Travel_Rarely,3,Divorced,Yes,666,204,Female,TRUE
27,Travel_Rarely,1,Divorced,No,667,1420,Male,FALSE
21,Travel_Rarely,1,Single,No,669,1343,Male,FALSE
44,Travel_Rarely,4,Married,Yes,671,1315,Male,FALSE
22,Travel_Rarely,1,Married,No,675,604,Male,FALSE
33,Travel_Rarely,4,Divorced,No,677,1216,Male,FALSE
32,Travel_Rarely,4,Married,Yes,679,646,Female,FALSE
30,Travel_Frequently,3,Divorced,No,680,160,Female,FALSE
53,Travel_Rarely,1,Single,No,682,238,Female,FALSE
34,Travel_Rarely,5,Married,No,683,1397,Male,FALSE
45,Travel_Frequently,4,Married,No,684,306,Female,FALSE
26,Travel_Rarely,3,Married,Yes,686,991,Female,FALSE
37,Travel_Rarely,3,Married,No,689,482,Male,FALSE
29,Travel_Rarely,2,Married,No,690,1176,Female,FALSE
35,Travel_Rarely,4,Single,No,691,1017,Male,FALSE
33,Travel_Frequently,3,Divorced,No,692,1296,Male,FALSE
54,Travel_Rarely,4,Married,No,698,397,Male,FALSE
36,Travel_Rarely,2,Divorced,Yes,699,913,Male,TRUE
27,Travel_Rarely,4,Single,No,700,1115,Male,FALSE
20,Travel_Rarely,1,Single,Yes,701,1362,Male,FALSE
33,Travel_Frequently,3,Single,Yes,702,1076,Male,TRUE
35,Non-Travel,3,Married,No,704,727,Male,FALSE
23,Travel_Rarely,3,Married,No,705,885,Male,FALSE
25,Travel_Rarely,3,Married,No,707,810,Male,FALSE
38,Travel_Rarely,4,Single,No,709,243,Female,FALSE
29,Travel_Frequently,4,Divorced,No,710,806,Male,FALSE
48,Travel_Rarely,1,Married,No,712,817,Male,FALSE
27,Travel_Frequently,1,Divorced,Yes,714,1410,Female,FALSE
37,Travel_Rarely,2,Single,No,715,1225,Male,FALSE
50,Travel_Rarely,1,Married,Yes,716,1207,Male,FALSE
34,Travel_Rarely,3,Single,No,717,1442,Female,FALSE
24,Travel_Rarely,2,Single,No,720,693,Female,FALSE
39,Travel_Rarely,4,Single,No,721,408,Female,FALSE
32,Travel_Rarely,3,Single,No,722,929,Male,FALSE
50,Travel_Frequently,2,Married,Yes,723,562,Male,FALSE
38,Travel_Rarely,4,Single,No,724,827,Female,FALSE
27,Travel_Rarely,2,Married,No,725,608,Female,FALSE
32,Travel_Rarely,2,Single,No,727,1018,Female,FALSE
47,Travel_Rarely,4,Single,No,728,703,Male,FALSE
40,Travel_Frequently,4,Married,Yes,729,580,Male,FALSE
53,Travel_Rarely,3,Married,No,730,970,Male,FALSE
41,Travel_Rarely,4,Divorced,No,731,427,Male,FALSE
60,Travel_Rarely,4,Single,No,732,1179,Male,FALSE
27,Travel_Frequently,2,Divorced,No,733,294,Male,FALSE
41,Travel_Rarely,3,Married,No,734,314,Male,FALSE
50,Travel_Rarely,4,Married,No,738,316,Male,FALSE
28,Travel_Rarely,2,Single,Yes,741,654,Female,TRUE
36,Non-Travel,3,Married,No,742,427,Female,FALSE
38,Travel_Rarely,3,Single,Yes,743,168,Female,TRUE
44,Non-Travel,3,Single,No,744,381,Male,FALSE
47,Travel_Frequently,3,Divorced,Yes,746,217,Female,TRUE
30,Travel_Rarely,5,Divorced,No,747,501,Male,FALSE
29,Travel_Rarely,3,Single,No,749,1396,Male,FALSE
42,Travel_Frequently,3,Divorced,Yes,752,933,Male,FALSE
43,Travel_Frequently,3,Married,No,754,775,Male,FALSE
34,Travel_Rarely,2,Single,No,757,970,Female,FALSE
23,Travel_Rarely,1,Married,No,758,650,Male,FALSE
39,Travel_Rarely,3,Married,No,760,141,Female,FALSE
56,Travel_Rarely,3,Married,No,762,832,Male,FALSE
40,Travel_Rarely,1,Single,Yes,763,804,Female,FALSE
27,Travel_Rarely,3,Single,No,764,975,Female,FALSE
29,Travel_Rarely,3,Divorced,No,766,1090,Male,FALSE
53,Travel_Rarely,3,Single,No,769,346,Male,FALSE
35,Non-Travel,4,Divorced,No,771,1225,Female,FALSE
32,Travel_Frequently,4,Married,No,772,430,Male,FALSE
38,Travel_Rarely,5,Married,Yes,773,268,Male,FALSE
34,Travel_Rarely,5,Divorced,No,775,167,Female,FALSE
52,Travel_Rarely,4,Married,No,776,621,Male,FALSE
33,Travel_Rarely,4,Single,Yes,780,527,Male,TRUE
25,Travel_Rarely,1,Single,No,781,883,Female,FALSE
45,Travel_Rarely,2,Single,No,783,954,Male,FALSE
23,Travel_Rarely,1,Single,No,784,310,Male,FALSE
47,Travel_Frequently,2,Single,Yes,785,719,Female,TRUE
34,Travel_Rarely,3,Single,No,786,304,Male,FALSE
55,Travel_Rarely,3,Married,Yes,787,725,Male,FALSE
36,Non-Travel,4,Single,No,789,1434,Male,FALSE
52,Non-Travel,4,Married,No,791,715,Male,FALSE
26,Travel_Frequently,2,Divorced,No,792,575,Female,FALSE
29,Travel_Rarely,3,Married,No,793,657,Female,FALSE
26,Travel_Rarely,3,Single,No,796,1146,Male,FALSE
34,Travel_Rarely,4,Single,No,797,182,Female,FALSE
54,Travel_Rarely,4,Divorced,Yes,799,376,Female,FALSE
27,Travel_Frequently,1,Married,No,800,829,Male,FALSE
37,Travel_Rarely,1,Divorced,Yes,802,571,Female,FALSE
38,Travel_Frequently,4,Single,Yes,803,240,Female,TRUE
34,Travel_Rarely,4,Single,No,804,121,Female,FALSE
35,Travel_Rarely,4,Married,No,805,384,Female,FALSE
30,Travel_Rarely,3,Married,No,806,921,Male,FALSE
40,Travel_Frequently,2,Married,No,807,791,Female,FALSE
34,Travel_Rarely,2,Married,No,808,1111,Female,FALSE
42,Travel_Frequently,3,Divorced,No,809,570,Male,FALSE
23,Travel_Rarely,3,Married,Yes,811,1243,Male,FALSE
24,Non-Travel,3,Divorced,No,812,1092,Male,FALSE
52,Travel_Rarely,4,Married,No,813,1325,Female,FALSE
50,Travel_Rarely,3,Married,No,815,691,Male,FALSE
29,Travel_Rarely,2,Married,Yes,816,805,Female,FALSE
33,Travel_Rarely,3,Married,No,817,213,Male,FALSE
33,Travel_Rarely,3,Single,No,819,118,Female,FALSE
47,Travel_Rarely,2,Married,Yes,820,202,Female,FALSE
36,Travel_Rarely,3,Married,No,823,676,Female,FALSE
29,Travel_Rarely,2,Married,No,824,1252,Male,FALSE
58,Travel_Rarely,4,Single,Yes,825,286,Male,FALSE
35,Travel_Rarely,4,Single,No,826,1258,Female,FALSE
42,Travel_Rarely,2,Married,Yes,827,932,Female,FALSE
28,Travel_Rarely,4,Single,No,828,890,Male,FALSE
36,Travel_Rarely,3,Married,No,829,1041,Male,FALSE
32,Travel_Rarely,3,Married,No,830,859,Female,FALSE
40,Travel_Frequently,4,Single,No,832,720,Male,FALSE
30,Travel_Rarely,3,Single,Yes,833,946,Female,TRUE
45,Travel_Rarely,3,Single,No,834,252,Female,FALSE
42,Travel_Rarely,3,Married,No,836,933,Male,FALSE
38,Travel_Frequently,3,Divorced,No,837,471,Male,FALSE
34,Travel_Frequently,4,Single,No,838,702,Female,FALSE
49,Travel_Rarely,3,Married,No,840,1184,Female,FALSE
55,Travel_Rarely,1,Single,No,842,436,Male,FALSE
43,Travel_Rarely,2,Married,No,843,589,Male,FALSE
27,Travel_Rarely,1,Divorced,Yes,844,269,Male,FALSE
35,Travel_Rarely,3,Single,No,845,950,Male,FALSE
28,Travel_Rarely,4,Married,Yes,846,760,Female,FALSE
34,Travel_Rarely,2,Married,No,847,829,Male,FALSE
26,Travel_Frequently,2,Married,Yes,848,887,Female,FALSE
27,Non-Travel,3,Married,No,850,443,Male,FALSE
51,Travel_Rarely,4,Married,No,851,1318,Female,FALSE
44,Travel_Rarely,3,Single,No,852,625,Male,FALSE
25,Travel_Rarely,1,Single,No,854,180,Male,FALSE
33,Travel_Rarely,3,Divorced,No,855,586,Male,FALSE
35,Travel_Rarely,1,Single,No,856,1343,Female,FALSE
36,Travel_Rarely,2,Married,Yes,857,928,Male,FALSE
32,Travel_Rarely,4,Divorced,No,859,117,Male,FALSE
30,Travel_Frequently,4,Divorced,No,861,1012,Male,FALSE
53,Travel_Rarely,2,Married,Yes,862,661,Female,FALSE
45,Travel_Rarely,3,Divorced,Yes,864,930,Male,TRUE
32,Travel_Rarely,2,Married,No,865,638,Female,FALSE
52,Travel_Frequently,4,Married,No,867,890,Female,FALSE
37,Travel_Rarely,4,Divorced,No,868,342,Male,FALSE
28,Travel_Rarely,2,Divorced,No,869,1169,Male,FALSE
22,Travel_Rarely,2,Married,No,872,1230,Male,FALSE
44,Travel_Rarely,4,Married,Yes,874,986,Male,FALSE
42,Travel_Frequently,1,Single,Yes,875,1271,Male,FALSE
36,Travel_Rarely,3,Married,No,878,1278,Male,FALSE
25,Travel_Rarely,1,Married,Yes,879,141,Male,FALSE
35,Travel_Rarely,3,Married,Yes,880,607,Female,FALSE
35,Travel_Frequently,4,Divorced,Yes,881,0,Female,TRUE
32,Non-Travel,3,Divorced,No,882,300,Male,FALSE
25,Travel_Rarely,1,Married,No,885,583,Male,FALSE
49,Travel_Rarely,3,Married,No,887,1418,Female,FALSE
24,Non-Travel,1,Married,No,888,1269,Male,FALSE
32,Travel_Frequently,2,Married,No,889,379,Male,FALSE
38,Travel_Rarely,3,Married,No,893,395,Male,FALSE
42,Travel_Rarely,3,Married,Yes,894,1265,Female,FALSE
31,Travel_Rarely,4,Married,Yes,895,1222,Male,FALSE
29,Travel_Rarely,3,Divorced,Yes,896,341,Female,TRUE
53,Travel_Rarely,3,Married,No,897,868,Male,FALSE
35,Travel_Rarely,3,Married,No,899,672,Male,FALSE
37,Travel_Frequently,2,Married,No,900,1231,Female,FALSE
53,Travel_Rarely,4,Single,No,901,102,Female,FALSE
43,Travel_Frequently,3,Married,No,902,422,Female,FALSE
47,Travel_Rarely,2,Married,Yes,903,249,Female,FALSE
37,Non-Travel,2,Single,Yes,904,1252,Male,FALSE
50,Non-Travel,4,Divorced,No,905,881,Male,FALSE
39,Travel_Rarely,3,Married,No,909,1383,Female,FALSE
33,Travel_Rarely,2,Divorced,Yes,910,1075,Male,TRUE
32,Travel_Rarely,4,Single,Yes,911,374,Male,FALSE
29,Travel_Rarely,1,Divorced,No,912,1086,Female,FALSE
44,Travel_Rarely,2,Married,Yes,913,661,Male,FALSE
28,Travel_Rarely,4,Single,No,916,821,Male,FALSE
58,Travel_Frequently,1,Divorced,Yes,918,781,Male,FALSE
43,Travel_Rarely,3,Divorced,No,920,177,Female,FALSE
20,Travel_Rarely,3,Single,No,922,500,Female,FALSE
21,Travel_Rarely,1,Single,No,923,1427,Female,FALSE
36,Travel_Rarely,1,Married,Yes,924,1425,Male,FALSE
47,Travel_Rarely,4,Single,Yes,925,1454,Female,TRUE
22,Travel_Rarely,1,Married,Yes,926,617,Female,FALSE
41,Travel_Rarely,4,Divorced,Yes,927,1085,Female,FALSE
28,Travel_Rarely,3,Divorced,No,930,995,Female,FALSE
39,Travel_Rarely,3,Married,Yes,932,1122,Male,FALSE
27,Travel_Rarely,3,Single,No,933,618,Female,FALSE
34,Travel_Rarely,3,Divorced,No,934,546,Male,FALSE
42,Travel_Rarely,2,Single,No,936,462,Female,FALSE
33,Travel_Rarely,4,Single,Yes,939,1198,Male,TRUE
58,Travel_Rarely,3,Divorced,Yes,940,1272,Female,FALSE
31,Travel_Rarely,4,Married,No,941,154,Male,FALSE
35,Travel_Rarely,1,Married,Yes,942,1137,Female,FALSE
49,Travel_Rarely,2,Married,No,944,527,Female,FALSE
48,Travel_Rarely,4,Married,No,945,1469,Male,FALSE
31,Non-Travel,2,Married,No,947,1188,Female,FALSE
36,Travel_Rarely,4,Single,No,949,188,Male,FALSE
38,Travel_Rarely,3,Married,No,950,1333,Female,FALSE
32,Non-Travel,3,Married,No,951,1184,Female,FALSE
25,Travel_Rarely,2,Married,Yes,952,867,Male,FALSE
40,Travel_Rarely,4,Divorced,No,954,658,Male,FALSE
26,Travel_Frequently,3,Single,No,956,1283,Male,FALSE
41,Travel_Rarely,3,Single,Yes,957,263,Male,TRUE
36,Travel_Rarely,4,Single,No,958,938,Male,FALSE
19,Travel_Rarely,3,Single,Yes,959,419,Male,TRUE
20,Travel_Rarely,3,Single,No,960,129,Male,FALSE
31,Travel_Rarely,3,Married,Yes,961,616,Female,FALSE
40,Travel_Frequently,4,Divorced,Yes,964,1469,Male,TRUE
32,Travel_Rarely,4,Married,No,966,498,Female,FALSE
36,Travel_Rarely,1,Married,Yes,967,530,Male,FALSE
33,Travel_Rarely,3,Single,No,969,1069,Female,FALSE
37,Travel_Rarely,4,Married,No,970,625,Male,FALSE
45,Non-Travel,2,Married,No,972,805,Male,FALSE
29,Travel_Frequently,3,Married,No,974,1404,Female,FALSE
35,Travel_Rarely,3,Married,No,975,1219,Female,FALSE
52,Travel_Rarely,2,Married,No,976,1053,Male,FALSE
58,Travel_Rarely,3,Single,No,977,289,Male,FALSE
53,Travel_Rarely,2,Divorced,No,981,1376,Male,FALSE
30,Travel_Rarely,2,Divorced,No,982,231,Male,FALSE
38,Non-Travel,3,Single,Yes,983,152,Female,FALSE
35,Travel_Rarely,4,Divorced,No,984,882,Male,FALSE
39,Travel_Rarely,5,Single,No,985,903,Male,FALSE
40,Non-Travel,3,Single,Yes,986,1479,Female,FALSE
47,Travel_Frequently,4,Divorced,Yes,987,1379,Male,FALSE
36,Non-Travel,4,Divorced,No,990,1229,Male,FALSE
31,Non-Travel,2,Single,Yes,991,335,Male,FALSE
33,Non-Travel,3,Single,No,992,722,Male,FALSE
29,Travel_Rarely,3,Single,Yes,994,906,Female,TRUE
33,Travel_Rarely,1,Single,No,995,461,Female,FALSE
45,Travel_Rarely,4,Divorced,No,996,974,Female,FALSE
50,Travel_Rarely,2,Divorced,No,997,1126,Male,FALSE
33,Travel_Frequently,4,Married,Yes,998,827,Female,FALSE
41,Travel_Frequently,3,Divorced,No,999,840,Male,FALSE
27,Travel_Rarely,4,Married,No,1001,1134,Female,FALSE
45,Non-Travel,2,Married,Yes,1002,248,Male,FALSE
47,Travel_Rarely,2,Single,Yes,1003,955,Female,TRUE
30,Travel_Rarely,3,Married,Yes,1004,138,Female,FALSE
50,Travel_Rarely,3,Married,Yes,1005,939,Male,FALSE
38,Travel_Frequently,1,Married,No,1006,1391,Male,FALSE
46,Travel_Rarely,2,Divorced,No,1007,566,Male,FALSE
24,Travel_Rarely,1,Divorced,No,1009,1206,Female,FALSE
35,Travel_Rarely,4,Divorced,Yes,1010,622,Male,TRUE
31,Travel_Frequently,1,Married,No,1011,853,Female,FALSE
18,Non-Travel,2,Single,No,1012,287,Male,FALSE
54,Travel_Rarely,3,Married,No,1013,1441,Female,FALSE
35,Travel_Rarely,4,Divorced,Yes,1014,583,Female,TRUE
30,Travel_Rarely,2,Married,Yes,1015,153,Female,FALSE
20,Travel_Rarely,3,Single,Yes,1016,1097,Female,TRUE
30,Travel_Frequently,3,Single,No,1017,109,Female,FALSE
26,Travel_Rarely,2,Married,No,1018,1066,Male,FALSE
22,Travel_Rarely,1,Married,No,1019,217,Male,FALSE
48,Travel_Rarely,3,Single,No,1022,277,Male,FALSE
48,Travel_Rarely,4,Single,No,1024,1355,Male,FALSE
41,Travel_Rarely,2,Single,No,1025,549,Female,FALSE
39,Travel_Rarely,1,Married,No,1026,466,Female,FALSE
27,Travel_Rarely,4,Married,No,1027,1055,Female,FALSE
35,Travel_Rarely,3,Divorced,No,1028,802,Male,FALSE
42,Travel_Rarely,2,Married,No,1029,265,Male,FALSE
50,Travel_Rarely,3,Married,No,1030,804,Male,FALSE
59,Travel_Rarely,3,Single,Yes,1032,715,Female,FALSE
37,Travel_Rarely,2,Married,No,1033,1141,Female,FALSE
55,Travel_Frequently,4,Married,Yes,1034,135,Male,FALSE
41,Non-Travel,1,Divorced,No,1035,247,Female,FALSE
38,Travel_Rarely,4,Single,Yes,1036,1035,Male,TRUE
26,Non-Travel,2,Single,No,1037,265,Male,FALSE
52,Travel_Rarely,1,Married,No,1038,266,Female,FALSE
44,Travel_Rarely,3,Married,Yes,1039,1448,Female,FALSE
50,Non-Travel,3,Married,No,1040,145,Female,FALSE
36,Travel_Rarely,4,Single,No,1042,885,Female,FALSE
39,Travel_Frequently,3,Single,Yes,1043,945,Female,TRUE
33,Non-Travel,1,Single,No,1044,1038,Female,FALSE
45,Travel_Rarely,2,Married,No,1045,1234,Female,FALSE
32,Non-Travel,4,Single,No,1046,1109,Female,FALSE
34,Travel_Rarely,4,Divorced,No,1047,216,Male,FALSE
59,Travel_Rarely,2,Married,Yes,1048,1089,Male,FALSE
45,Travel_Rarely,4,Single,No,1049,788,Male,FALSE
53,Travel_Frequently,3,Married,No,1050,124,Female,FALSE
36,Travel_Rarely,3,Divorced,No,1052,660,Male,FALSE
26,Travel_Frequently,3,Married,Yes,1053,342,Male,FALSE
34,Travel_Rarely,4,Married,Yes,1055,1333,Female,FALSE
28,Travel_Rarely,1,Married,No,1056,1144,Male,FALSE
38,Travel_Frequently,4,Married,No,1060,1186,Male,FALSE
50,Travel_Rarely,4,Married,Yes,1061,1464,Male,FALSE
37,Travel_Rarely,3,Single,No,1062,124,Female,FALSE
40,Travel_Rarely,3,Married,No,1066,300,Male,FALSE
26,Travel_Frequently,1,Divorced,No,1068,921,Female,FALSE
46,Travel_Rarely,4,Divorced,No,1069,430,Male,FALSE
54,Travel_Rarely,4,Married,No,1070,1082,Female,FALSE
56,Travel_Frequently,3,Married,No,1071,1240,Female,FALSE
36,Travel_Rarely,5,Single,No,1073,796,Female,FALSE
55,Non-Travel,1,Single,No,1074,444,Male,FALSE
43,Travel_Rarely,3,Divorced,No,1076,415,Male,FALSE
20,Travel_Frequently,3,Single,Yes,1077,769,Female,TRUE
21,Travel_Rarely,3,Single,No,1079,1334,Female,FALSE
46,Travel_Rarely,4,Divorced,Yes,1080,1003,Female,TRUE
51,Travel_Rarely,4,Married,Yes,1081,1323,Male,FALSE
28,Non-Travel,2,Single,No,1082,1366,Male,FALSE
26,Travel_Rarely,2,Married,No,1083,192,Male,FALSE
30,Travel_Rarely,3,Married,No,1084,1176,Male,FALSE
41,Travel_Rarely,2,Married,No,1085,509,Female,FALSE
38,Travel_Rarely,1,Married,No,1088,330,Female,FALSE
40,Travel_Rarely,4,Married,No,1092,1492,Male,FALSE
27,Non-Travel,5,Married,No,1094,1277,Male,FALSE
55,Travel_Frequently,1,Married,No,1096,1091,Male,FALSE
28,Travel_Rarely,3,Single,No,1097,857,Female,FALSE
44,Travel_Rarely,2,Married,No,1098,1376,Male,FALSE
33,Travel_Rarely,3,Divorced,No,1099,654,Male,FALSE
35,Travel_Rarely,3,Single,Yes,1100,1204,Male,TRUE
33,Travel_Frequently,4,Single,No,1101,827,Female,FALSE
28,Travel_Rarely,2,Divorced,No,1102,895,Male,FALSE
34,Travel_Frequently,1,Single,No,1103,618,Male,FALSE
37,Travel_Rarely,4,Divorced,Yes,1105,309,Female,TRUE
25,Travel_Rarely,1,Married,Yes,1106,1219,Male,FALSE
26,Travel_Rarely,3,Divorced,No,1107,1330,Male,FALSE
33,Travel_Rarely,3,Single,Yes,1108,1017,Male,TRUE
42,Travel_Rarely,2,Married,No,1109,469,Male,FALSE
28,Travel_Frequently,3,Divorced,No,1111,1009,Male,FALSE
50,Travel_Frequently,4,Single,Yes,1113,959,Male,FALSE
33,Travel_Frequently,3,Married,No,1114,970,Female,FALSE
34,Non-Travel,4,Married,No,1115,697,Male,FALSE
48,Non-Travel,4,Single,No,1116,1262,Male,FALSE
45,Non-Travel,4,Married,No,1117,1050,Female,FALSE
52,Travel_Rarely,4,Single,No,1118,994,Male,FALSE
38,Travel_Rarely,4,Divorced,Yes,1119,770,Male,TRUE
29,Travel_Rarely,4,Divorced,No,1120,1107,Female,FALSE
28,Travel_Rarely,3,Divorced,No,1121,950,Female,FALSE
46,Travel_Rarely,1,Married,No,1124,406,Male,FALSE
38,Travel_Rarely,2,Single,No,1125,130,Male,FALSE
43,Travel_Frequently,3,Married,No,1126,1082,Female,FALSE
39,Travel_Frequently,3,Divorced,No,1127,203,Male,FALSE
40,Travel_Rarely,3,Single,No,1128,1308,Male,FALSE
21,Travel_Rarely,1,Single,Yes,1131,984,Female,FALSE
39,Non-Travel,3,Single,No,1132,439,Male,FALSE
36,Non-Travel,4,Single,No,1133,217,Male,FALSE
31,Travel_Frequently,3,Married,No,1135,793,Male,FALSE
28,Travel_Rarely,1,Married,No,1136,1451,Male,FALSE
35,Travel_Frequently,2,Divorced,No,1137,1182,Male,FALSE
49,Travel_Rarely,4,Married,No,1138,174,Male,FALSE
34,Travel_Frequently,2,Single,No,1140,1003,Male,FALSE
29,Travel_Frequently,3,Divorced,No,1143,490,Female,FALSE
42,Travel_Rarely,3,Single,No,1148,188,Male,FALSE
29,Travel_Rarely,1,Married,Yes,1150,718,Male,FALSE
38,Travel_Rarely,3,Married,No,1152,433,Male,FALSE
28,Travel_Frequently,3,Divorced,Yes,1154,773,Male,TRUE
18,Non-Travel,1,Single,No,1156,247,Male,FALSE
33,Travel_Rarely,4,Single,Yes,1157,603,Female,TRUE
41,Travel_Rarely,4,Married,Yes,1158,167,Male,FALSE
31,Travel_Frequently,3,Married,No,1160,874,Male,FALSE
37,Travel_Rarely,2,Divorced,No,1161,367,Female,FALSE
27,Travel_Rarely,3,Married,No,1162,199,Male,FALSE
34,Travel_Rarely,1,Married,No,1163,1400,Female,FALSE
35,Travel_Rarely,4,Single,No,1164,528,Male,FALSE
29,Travel_Rarely,1,Married,No,1165,408,Female,FALSE
40,Travel_Frequently,4,Single,No,1166,593,Female,FALSE
42,Travel_Frequently,3,Single,Yes,1167,481,Male,TRUE
42,Travel_Rarely,4,Single,No,1171,647,Male,FALSE
35,Travel_Rarely,4,Married,No,1172,982,Male,FALSE
24,Travel_Rarely,3,Single,No,1173,477,Male,FALSE
28,Travel_Rarely,1,Married,Yes,1175,1485,Female,FALSE
26,Travel_Rarely,4,Married,No,1177,1384,Male,FALSE
30,Travel_Rarely,3,Married,No,1179,852,Male,FALSE
40,Travel_Frequently,2,Married,Yes,1180,902,Female,FALSE
35,Travel_Rarely,3,Divorced,No,1182,819,Male,FALSE
34,Travel_Frequently,3,Single,No,1184,669,Male,FALSE
35,Travel_Frequently,4,Married,No,1185,636,Male,FALSE
43,Travel_Rarely,3,Single,No,1188,1372,Female,FALSE
32,Non-Travel,1,Divorced,No,1190,862,Female,FALSE
56,Travel_Rarely,4,Divorced,No,1191,718,Female,FALSE
29,Travel_Rarely,1,Married,No,1192,1401,Female,FALSE
19,Travel_Rarely,2,Single,No,1193,645,Male,FALSE
45,Travel_Rarely,3,Married,Yes,1195,1457,Female,FALSE
37,Travel_Rarely,3,Married,No,1196,977,Female,FALSE
20,Travel_Rarely,3,Single,No,1198,805,Male,FALSE
44,Travel_Rarely,4,Single,Yes,1200,1097,Male,TRUE
53,Travel_Rarely,2,Divorced,No,1201,1223,Female,FALSE
29,Travel_Rarely,1,Married,Yes,1202,942,Female,FALSE
22,Travel_Frequently,4,Married,Yes,1203,1256,Male,FALSE
46,Travel_Rarely,3,Married,No,1204,1402,Female,FALSE
44,Non-Travel,3,Single,No,1206,111,Male,FALSE
33,Travel_Rarely,3,Married,No,1207,147,Male,FALSE
41,Non-Travel,2,Divorced,No,1210,906,Male,FALSE
30,Travel_Rarely,4,Divorced,No,1211,1329,Male,FALSE
40,Travel_Frequently,4,Married,No,1212,1184,Male,FALSE
50,Travel_Frequently,3,Married,No,1215,1421,Female,FALSE
28,Travel_Rarely,4,Married,No,1216,1179,Male,FALSE
46,Travel_Rarely,2,Married,No,1217,1450,Male,FALSE
35,Travel_Rarely,4,Married,Yes,1218,1361,Male,FALSE
24,Travel_Rarely,2,Married,No,1219,984,Female,FALSE
33,Travel_Frequently,3,Married,No,1220,1146,Female,FALSE
36,Travel_Rarely,4,Divorced,No,1221,917,Male,FALSE
30,Travel_Rarely,4,Divorced,No,1224,853,Male,FALSE
44,Travel_Rarely,4,Single,No,1225,200,Male,FALSE
20,Travel_Rarely,3,Single,No,1226,654,Male,FALSE
46,Travel_Rarely,4,Divorced,No,1228,150,Male,FALSE
42,Non-Travel,5,Married,No,1231,179,Male,FALSE
60,Travel_Rarely,4,Divorced,Yes,1233,696,Male,FALSE
32,Travel_Frequently,3,Married,No,1234,116,Female,FALSE
32,Travel_Frequently,2,Single,Yes,1235,1316,Female,FALSE
36,Travel_Rarely,3,Divorced,Yes,1237,363,Female,TRUE
33,Travel_Rarely,3,Married,No,1238,117,Male,FALSE
40,Travel_Rarely,3,Divorced,No,1239,107,Female,FALSE
25,Travel_Rarely,4,Single,No,1240,1356,Male,FALSE
30,Travel_Rarely,3,Married,Yes,1241,1465,Male,FALSE
42,Travel_Frequently,5,Married,Yes,1242,458,Female,FALSE
35,Non-Travel,2,Married,Yes,1243,1212,Female,FALSE
27,Travel_Rarely,3,Married,Yes,1244,1103,Male,FALSE
54,Travel_Frequently,4,Divorced,No,1245,966,Female,FALSE
44,Travel_Rarely,1,Married,No,1246,1117,Female,FALSE
19,Non-Travel,3,Single,Yes,1248,504,Female,FALSE
29,Travel_Rarely,3,Divorced,No,1249,1010,Female,FALSE
54,Travel_Rarely,3,Married,No,1250,685,Male,FALSE
31,Travel_Rarely,2,Married,Yes,1251,1332,Male,FALSE
31,Travel_Rarely,3,Single,No,1252,1062,Female,FALSE
59,Travel_Rarely,3,Single,No,1254,326,Female,FALSE
43,Travel_Rarely,3,Married,No,1255,920,Male,FALSE
49,Travel_Rarely,2,Married,No,1256,1098,Male,FALSE
36,Travel_Frequently,3,Married,No,1257,469,Male,FALSE
48,Travel_Rarely,2,Single,No,1258,969,Male,FALSE
27,Travel_Rarely,2,Divorced,No,1259,1167,Male,FALSE
29,Travel_Rarely,3,Divorced,Yes,1260,1329,Male,TRUE
48,Travel_Rarely,3,Single,No,1263,715,Male,FALSE
29,Travel_Rarely,3,Divorced,No,1264,694,Female,FALSE
34,Travel_Rarely,3,Married,No,1265,1320,Female,FALSE
44,Travel_Rarely,3,Married,No,1267,1099,Male,FALSE
33,Travel_Rarely,5,Divorced,Yes,1268,536,Male,TRUE
19,Travel_Rarely,3,Single,Yes,1269,265,Female,TRUE
23,Travel_Rarely,2,Married,No,1270,373,Male,FALSE
25,Travel_Frequently,1,Single,Yes,1273,599,Male,FALSE
26,Travel_Rarely,2,Single,Yes,1275,583,Male,TRUE
45,Travel_Rarely,3,Single,Yes,1277,1449,Female,TRUE
55,Non-Travel,1,Divorced,Yes,1278,177,Male,FALSE
21,Travel_Frequently,2,Single,No,1279,251,Female,FALSE
46,Travel_Rarely,2,Married,No,1280,168,Female,FALSE
34,Travel_Rarely,3,Single,Yes,1281,131,Female,TRUE
51,Travel_Frequently,3,Divorced,Yes,1282,237,Male,FALSE
59,Travel_Rarely,4,Single,No,1283,1429,Male,FALSE
34,Travel_Frequently,3,Divorced,No,1285,135,Female,FALSE
28,Travel_Frequently,4,Single,Yes,1286,791,Male,TRUE
44,Travel_Rarely,2,Divorced,No,1288,1199,Male,FALSE
34,Travel_Frequently,3,Married,No,1289,648,Male,FALSE
35,Travel_Rarely,1,Married,Yes,1291,735,Male,FALSE
42,Travel_Rarely,4,Married,Yes,1292,603,Female,FALSE
43,Travel_Rarely,4,Single,No,1293,531,Female,FALSE
36,Travel_Rarely,4,Single,Yes,1294,429,Female,TRUE
44,Travel_Rarely,3,Married,No,1295,621,Female,FALSE
28,Travel_Frequently,3,Married,Yes,1296,193,Male,FALSE
51,Travel_Frequently,2,Single,No,1297,968,Female,FALSE
30,Non-Travel,2,Single,Yes,1298,879,Female,FALSE
29,Travel_Rarely,3,Divorced,Yes,1299,806,Female,TRUE
28,Travel_Rarely,3,Single,No,1301,640,Male,FALSE
25,Travel_Rarely,3,Single,No,1303,266,Female,FALSE
32,Travel_Rarely,3,Married,No,1304,604,Male,FALSE
45,Travel_Frequently,3,Single,No,1306,364,Female,FALSE
39,Travel_Rarely,4,Divorced,Yes,1307,412,Female,TRUE
58,Travel_Rarely,4,Divorced,No,1308,848,Male,FALSE
32,Travel_Rarely,2,Married,No,1309,1089,Male,FALSE
39,Travel_Rarely,3,Single,No,1310,360,Male,FALSE
30,Travel_Rarely,3,Married,No,1311,1138,Female,FALSE
36,Travel_Rarely,4,Married,No,1312,325,Female,FALSE
46,Travel_Rarely,2,Single,No,1314,991,Female,FALSE
28,Non-Travel,3,Married,No,1315,1476,Female,FALSE
50,Travel_Rarely,3,Married,Yes,1317,1322,Female,FALSE
40,Travel_Rarely,4,Single,Yes,1318,299,Male,TRUE
52,Travel_Rarely,3,Single,Yes,1319,1030,Male,FALSE
30,Travel_Rarely,4,Married,Yes,1321,634,Female,FALSE
39,Travel_Rarely,2,Single,No,1322,524,Male,FALSE
31,Non-Travel,4,Divorced,Yes,1324,587,Female,FALSE
41,Non-Travel,2,Single,No,1329,256,Male,FALSE
31,Travel_Frequently,3,Single,Yes,1331,1060,Female,TRUE
44,Travel_Rarely,3,Married,No,1333,935,Male,FALSE
42,Non-Travel,1,Married,Yes,1334,495,Male,FALSE
55,Travel_Rarely,2,Married,No,1336,282,Female,FALSE
56,Travel_Rarely,4,Single,No,1338,206,Male,FALSE
40,Non-Travel,2,Divorced,No,1340,458,Male,FALSE
34,Travel_Rarely,3,Divorced,No,1344,943,Male,FALSE
40,Travel_Rarely,3,Single,No,1346,523,Male,FALSE
41,Travel_Frequently,3,Divorced,No,1349,1018,Female,FALSE
35,Travel_Frequently,4,Single,Yes,1350,482,Male,TRUE
51,Travel_Rarely,3,Divorced,Yes,1352,770,Male,FALSE
38,Travel_Rarely,2,Divorced,No,1355,1009,Female,FALSE
34,Travel_Rarely,2,Single,No,1356,507,Female,FALSE
25,Travel_Rarely,1,Married,No,1358,882,Male,FALSE
58,Travel_Rarely,4,Married,Yes,1360,601,Female,FALSE
40,Travel_Rarely,4,Married,No,1361,329,Male,FALSE
36,Travel_Frequently,3,Married,No,1362,607,Female,FALSE
48,Travel_Rarely,3,Single,No,1363,855,Male,FALSE
27,Travel_Rarely,3,Married,No,1364,1291,Female,FALSE
51,Travel_Rarely,2,Single,No,1367,1405,Female,FALSE
18,Non-Travel,3,Single,No,1368,1124,Female,FALSE
35,Travel_Rarely,3,Married,No,1369,817,Female,FALSE
27,Travel_Frequently,1,Single,No,1371,793,Male,FALSE
55,Travel_Rarely,4,Single,Yes,1372,267,Male,FALSE
56,Travel_Rarely,3,Married,Yes,1373,1369,Male,FALSE
34,Non-Travel,1,Divorced,No,1374,999,Female,FALSE
40,Travel_Rarely,1,Divorced,No,1375,1202,Female,FALSE
34,Travel_Rarely,3,Married,No,1377,285,Male,FALSE
31,Travel_Frequently,3,Single,No,1379,703,Female,FALSE
35,Travel_Frequently,4,Married,Yes,1380,662,Female,FALSE
38,Travel_Frequently,3,Divorced,No,1382,693,Male,FALSE
34,Travel_Rarely,4,Single,No,1383,404,Female,FALSE
28,Travel_Rarely,3,Married,No,1387,736,Male,FALSE
31,Travel_Rarely,4,Married,Yes,1389,330,Male,FALSE
39,Travel_Rarely,4,Married,Yes,1390,1498,Male,FALSE
51,Travel_Frequently,3,Married,No,1391,541,Male,FALSE
41,Travel_Frequently,3,Divorced,Yes,1392,1200,Female,TRUE
37,Travel_Rarely,1,Married,Yes,1394,1439,Male,FALSE
33,Travel_Frequently,1,Married,No,1395,1111,Male,FALSE
32,Travel_Rarely,1,Married,Yes,1396,499,Male,FALSE
39,Non-Travel,2,Married,No,1397,1485,Male,FALSE
25,Travel_Rarely,1,Married,No,1399,1372,Male,FALSE
52,Travel_Frequently,2,Married,Yes,1401,322,Female,FALSE
43,Travel_Rarely,3,Single,Yes,1402,930,Female,TRUE
27,Travel_Rarely,3,Married,Yes,1403,205,Female,FALSE
27,Travel_Rarely,4,Single,Yes,1405,135,Female,TRUE
26,Travel_Rarely,1,Single,No,1407,683,Male,FALSE
42,Travel_Rarely,3,Married,No,1408,1147,Female,FALSE
52,Travel_Rarely,4,Married,No,1409,258,Female,FALSE
37,Travel_Rarely,3,Single,No,1411,1462,Female,FALSE
35,Travel_Frequently,2,Single,No,1412,200,Male,FALSE
25,Travel_Rarely,3,Married,No,1415,949,Male,FALSE
26,Travel_Rarely,3,Single,No,1417,652,Male,FALSE
29,Travel_Rarely,3,Single,No,1419,332,Male,FALSE
49,Travel_Frequently,2,Single,No,1420,1475,Male,FALSE
29,Travel_Frequently,1,Single,Yes,1421,337,Female,FALSE
54,Travel_Rarely,3,Single,No,1422,971,Female,FALSE
58,Travel_Rarely,3,Married,Yes,1423,1055,Female,FALSE
55,Travel_Rarely,4,Divorced,No,1424,1136,Male,FALSE
36,Travel_Rarely,4,Single,Yes,1425,1174,Female,TRUE
31,Travel_Frequently,4,Single,No,1427,667,Female,FALSE
30,Travel_Rarely,4,Divorced,No,1428,855,Female,FALSE
31,Travel_Rarely,5,Single,No,1430,182,Female,FALSE
34,Travel_Frequently,4,Divorced,No,1431,560,Male,FALSE
31,Travel_Rarely,3,Single,No,1433,202,Female,FALSE
27,Travel_Rarely,1,Married,No,1434,1377,Male,FALSE
36,Travel_Rarely,4,Single,No,1435,172,Male,FALSE
36,Travel_Rarely,4,Married,No,1436,329,Female,FALSE
47,Travel_Rarely,3,Married,No,1438,465,Male,FALSE
25,Travel_Rarely,2,Married,No,1439,383,Male,FALSE
37,Non-Travel,2,Single,No,1440,1413,Male,FALSE
56,Travel_Rarely,2,Married,No,1441,1255,Female,FALSE
47,Travel_Rarely,4,Married,No,1443,359,Female,FALSE
24,Travel_Rarely,1,Married,Yes,1445,1476,Female,FALSE
32,Travel_Rarely,5,Married,No,1446,601,Male,FALSE
34,Travel_Rarely,3,Married,No,1447,401,Female,FALSE
41,Travel_Rarely,5,Married,Yes,1448,1283,Male,FALSE
40,Non-Travel,4,Divorced,No,1449,663,Male,FALSE
31,Travel_Rarely,2,Divorced,No,1453,326,Male,FALSE
46,Travel_Rarely,3,Divorced,No,1457,377,Male,FALSE
39,Non-Travel,3,Single,Yes,1458,592,Female,FALSE
31,Travel_Frequently,5,Single,No,1459,1445,Female,FALSE
45,Travel_Rarely,3,Divorced,Yes,1460,1038,Male,TRUE
31,Travel_Rarely,2,Single,No,1461,1398,Female,FALSE
31,Travel_Frequently,3,Married,Yes,1464,523,Male,FALSE
45,Travel_Rarely,3,Married,Yes,1465,1448,Male,FALSE
48,Travel_Rarely,3,Divorced,No,1466,1221,Male,FALSE
34,Travel_Rarely,4,Married,No,1467,1107,Female,FALSE
40,Non-Travel,1,Divorced,No,1468,218,Male,FALSE
28,Travel_Rarely,3,Single,No,1469,866,Male,FALSE
44,Non-Travel,3,Single,No,1471,981,Male,FALSE
53,Travel_Rarely,3,Single,No,1472,447,Male,FALSE
49,Travel_Rarely,4,Married,No,1473,1495,Male,FALSE
40,Travel_Rarely,3,Divorced,No,1474,896,Male,FALSE
44,Travel_Rarely,3,Single,No,1475,1467,Male,FALSE
33,Travel_Frequently,3,Married,No,1477,430,Male,FALSE
34,Travel_Rarely,3,Single,No,1478,1326,Male,FALSE
30,Travel_Rarely,1,Married,No,1479,1358,Male,FALSE
42,Travel_Frequently,2,Single,No,1480,748,Female,FALSE
44,Travel_Frequently,5,Married,No,1481,383,Female,FALSE
30,Non-Travel,3,Divorced,No,1482,990,Male,FALSE
57,Travel_Rarely,2,Married,No,1483,405,Male,FALSE
49,Travel_Rarely,4,Divorced,No,1484,1490,Male,FALSE
34,Travel_Frequently,3,Divorced,No,1485,829,Male,FALSE
28,Travel_Frequently,3,Married,No,1486,1496,Male,FALSE
29,Travel_Frequently,3,Single,No,1487,115,Female,FALSE
34,Travel_Rarely,4,Single,Yes,1489,790,Female,TRUE
35,Travel_Rarely,1,Married,No,1492,660,Male,FALSE
24,Travel_Frequently,3,Single,Yes,1494,381,Male,TRUE
24,Non-Travel,2,Married,No,1495,830,Female,FALSE
44,Travel_Frequently,1,Single,Yes,1496,1193,Male,FALSE
29,Travel_Rarely,3,Divorced,No,1497,1246,Male,FALSE
30,Travel_Rarely,3,Divorced,No,1499,330,Male,FALSE
55,Travel_Rarely,4,Married,Yes,1501,1229,Male,FALSE
33,Travel_Rarely,4,Married,No,1502,1099,Female,FALSE
47,Travel_Rarely,3,Married,Yes,1503,571,Female,FALSE
28,Travel_Frequently,2,Single,No,1504,289,Male,FALSE
28,Travel_Rarely,3,Divorced,No,1506,1423,Male,FALSE
28,Travel_Frequently,3,Single,No,1507,467,Male,FALSE
49,Travel_Rarely,2,Married,No,1509,271,Female,FALSE
29,Travel_Frequently,1,Married,No,1513,410,Female,FALSE
28,Travel_Rarely,1,Married,No,1514,1083,Male,FALSE
33,Travel_Rarely,5,Single,Yes,1515,516,Male,TRUE
32,Travel_Rarely,3,Single,No,1516,495,Male,FALSE
54,Travel_Frequently,4,Divorced,No,1520,1050,Female,FALSE
29,Travel_Rarely,4,Single,No,1522,224,Male,FALSE
44,Travel_Rarely,3,Married,No,1523,136,Male,FALSE
39,Travel_Rarely,3,Single,No,1525,1089,Female,FALSE
46,Travel_Rarely,3,Married,No,1527,228,Female,FALSE
35,Travel_Rarely,3,Single,No,1529,1029,Female,FALSE
23,Travel_Rarely,1,Single,No,1533,507,Male,FALSE
40,Travel_Rarely,4,Single,No,1534,676,Male,FALSE
34,Travel_Rarely,3,Married,Yes,1535,971,Male,FALSE
31,Travel_Frequently,3,Single,No,1537,561,Female,FALSE
50,Travel_Frequently,5,Single,Yes,1539,333,Male,FALSE
34,Travel_Rarely,2,Married,Yes,1541,1440,Male,FALSE
42,Travel_Rarely,3,Married,No,1542,1210,Male,FALSE
37,Travel_Rarely,3,Married,No,1543,674,Male,FALSE
29,Travel_Rarely,1,Married,No,1544,441,Female,FALSE
33,Travel_Rarely,3,Single,No,1545,575,Male,FALSE
45,Travel_Rarely,3,Married,No,1546,950,Male,FALSE
42,Travel_Frequently,3,Married,Yes,1547,288,Male,FALSE
40,Travel_Rarely,2,Married,No,1548,1342,Male,FALSE
33,Travel_Rarely,4,Married,Yes,1549,589,Male,FALSE
40,Travel_Rarely,2,Single,Yes,1550,898,Male,TRUE
24,Travel_Rarely,2,Divorced,No,1551,350,Male,FALSE
40,Non-Travel,2,Divorced,Yes,1552,1142,Male,FALSE
45,Travel_Rarely,4,Divorced,No,1553,538,Male,FALSE
35,Travel_Rarely,4,Married,No,1554,1402,Female,FALSE
32,Travel_Rarely,2,Married,No,1555,824,Female,FALSE
36,Travel_Rarely,4,Single,Yes,1556,1157,Male,TRUE
48,Travel_Rarely,4,Divorced,No,1557,492,Female,FALSE
29,Travel_Rarely,3,Married,No,1558,598,Male,FALSE
33,Travel_Rarely,4,Married,No,1560,1242,Male,FALSE
30,Travel_Rarely,3,Married,No,1562,740,Male,FALSE
38,Travel_Frequently,4,Married,No,1563,888,Male,FALSE
35,Travel_Rarely,3,Single,No,1564,992,Male,FALSE
30,Travel_Rarely,4,Married,No,1568,1288,Male,FALSE
35,Travel_Rarely,3,Divorced,Yes,1569,104,Female,TRUE
53,Travel_Rarely,5,Married,No,1572,607,Female,FALSE
38,Travel_Rarely,3,Married,No,1573,903,Male,FALSE
32,Non-Travel,4,Married,No,1574,1200,Male,FALSE
48,Travel_Rarely,4,Married,No,1576,1108,Female,FALSE
34,Travel_Rarely,4,Single,No,1577,479,Male,FALSE
55,Travel_Rarely,5,Married,No,1578,685,Male,FALSE
34,Travel_Rarely,4,Married,No,1580,1351,Male,FALSE
26,Travel_Rarely,3,Married,No,1581,474,Female,FALSE
38,Travel_Rarely,3,Married,No,1582,1245,Male,FALSE
38,Travel_Rarely,3,Single,No,1583,437,Female,FALSE
36,Travel_Rarely,4,Single,No,1585,884,Female,FALSE
29,Travel_Rarely,1,Single,Yes,1586,1370,Male,FALSE
35,Travel_Rarely,4,Single,Yes,1587,670,Female,TRUE
39,Travel_Rarely,3,Married,No,1588,1462,Male,FALSE
29,Travel_Frequently,1,Divorced,No,1590,995,Male,FALSE
50,Travel_Rarely,3,Married,Yes,1591,264,Male,FALSE
23,Travel_Rarely,3,Married,No,1592,977,Male,FALSE
36,Travel_Frequently,4,Married,Yes,1594,1302,Male,FALSE
42,Travel_Rarely,2,Single,No,1595,1059,Male,FALSE
35,Travel_Rarely,3,Married,No,1596,750,Male,FALSE
34,Travel_Frequently,4,Married,No,1597,653,Male,FALSE
40,Travel_Rarely,2,Married,No,1598,118,Female,FALSE
43,Travel_Rarely,3,Divorced,No,1599,990,Male,FALSE
35,Travel_Rarely,2,Married,No,1601,1349,Male,FALSE
46,Travel_Rarely,4,Single,No,1602,563,Male,FALSE
28,Travel_Rarely,3,Married,Yes,1604,329,Male,FALSE
22,Non-Travel,2,Married,Yes,1605,457,Female,FALSE
50,Travel_Frequently,5,Married,Yes,1606,1234,Male,FALSE
32,Travel_Rarely,4,Married,No,1607,634,Female,FALSE
44,Travel_Rarely,3,Divorced,Yes,1608,1313,Female,TRUE
30,Travel_Rarely,3,Married,No,1609,241,Male,FALSE
45,Travel_Rarely,5,Single,Yes,1611,1015,Female,TRUE
45,Non-Travel,3,Married,No,1612,336,Male,FALSE
31,Travel_Frequently,4,Single,No,1613,715,Male,FALSE
36,Travel_Rarely,4,Married,Yes,1614,559,Female,FALSE
34,Travel_Frequently,4,Divorced,No,1615,426,Male,FALSE
49,Travel_Rarely,4,Married,No,1617,722,Female,FALSE
39,Travel_Rarely,5,Married,No,1618,1387,Male,FALSE
27,Travel_Rarely,3,Divorced,No,1619,1302,Male,FALSE
35,Travel_Rarely,5,Married,No,1621,819,Male,FALSE
28,Travel_Rarely,3,Divorced,No,1622,580,Female,FALSE
21,Travel_Rarely,1,Single,No,1623,546,Male,FALSE
18,Travel_Frequently,2,Single,Yes,1624,544,Female,TRUE
47,Travel_Rarely,4,Married,No,1625,1176,Female,FALSE
39,Travel_Rarely,2,Divorced,No,1627,170,Male,FALSE
40,Travel_Rarely,3,Married,No,1628,884,Female,FALSE
35,Non-Travel,4,Married,No,1630,208,Female,FALSE
37,Travel_Rarely,3,Married,No,1631,671,Male,FALSE
39,Travel_Frequently,3,Single,No,1633,711,Female,FALSE
45,Travel_Rarely,2,Divorced,No,1635,1329,Female,FALSE
38,Travel_Rarely,2,Married,Yes,1638,397,Female,FALSE
35,Travel_Rarely,3,Married,No,1639,737,Male,FALSE
37,Travel_Rarely,3,Married,No,1640,1470,Female,FALSE
40,Travel_Rarely,3,Single,Yes,1641,448,Female,TRUE
44,Travel_Frequently,5,Married,Yes,1642,602,Male,FALSE
48,Travel_Frequently,5,Married,No,1644,365,Male,FALSE
35,Travel_Rarely,2,Divorced,Yes,1645,763,Male,TRUE
24,Travel_Frequently,1,Single,Yes,1646,567,Female,FALSE
27,Travel_Rarely,3,Married,No,1647,486,Female,FALSE
27,Travel_Frequently,3,Single,No,1648,591,Male,FALSE
40,Travel_Rarely,3,Single,Yes,1649,1329,Male,TRUE
29,Travel_Rarely,3,Single,No,1650,469,Male,FALSE
36,Travel_Rarely,4,Married,No,1651,711,Female,FALSE
25,Travel_Frequently,1,Divorced,No,1653,772,Male,FALSE
39,Travel_Rarely,3,Married,No,1654,492,Male,FALSE
49,Travel_Rarely,4,Married,No,1655,301,Female,FALSE
50,Travel_Rarely,5,Divorced,No,1656,813,Female,FALSE
20,Travel_Rarely,3,Single,No,1657,1141,Female,FALSE
34,Travel_Rarely,3,Divorced,No,1658,1130,Female,FALSE
36,Travel_Rarely,3,Single,No,1659,311,Male,FALSE
49,Travel_Rarely,1,Married,Yes,1661,465,Female,FALSE
36,Non-Travel,4,Married,No,1662,894,Female,FALSE
36,Travel_Rarely,2,Divorced,No,1664,1040,Male,FALSE
54,Travel_Rarely,5,Married,No,1665,584,Female,FALSE
43,Travel_Rarely,2,Married,No,1666,1291,Male,FALSE
35,Travel_Frequently,4,Single,Yes,1667,880,Male,TRUE
38,Travel_Frequently,3,Married,No,1668,1189,Male,FALSE
29,Travel_Rarely,3,Divorced,Yes,1669,991,Male,TRUE
33,Travel_Rarely,4,Divorced,No,1670,392,Male,FALSE
32,Travel_Rarely,3,Divorced,No,1671,977,Male,FALSE
31,Travel_Rarely,4,Married,No,1673,1112,Female,FALSE
49,Travel_Rarely,3,Divorced,Yes,1674,464,Female,TRUE
38,Travel_Frequently,3,Single,No,1675,148,Female,FALSE
47,Travel_Rarely,4,Divorced,No,1676,1225,Female,FALSE
49,Travel_Rarely,3,Single,No,1677,809,Male,FALSE
41,Travel_Rarely,2,Single,Yes,1678,1206,Male,TRUE
20,Travel_Rarely,1,Single,No,1680,727,Male,FALSE
33,Non-Travel,3,Divorced,Yes,1681,530,Female,FALSE
36,Travel_Rarely,4,Married,No,1682,1351,Male,FALSE
44,Travel_Rarely,3,Divorced,Yes,1683,528,Female,TRUE
23,Travel_Rarely,1,Single,Yes,1684,1320,Male,FALSE
38,Travel_Rarely,2,Married,No,1687,1495,Female,FALSE
53,Travel_Rarely,4,Married,No,1689,1395,Male,FALSE
48,Travel_Frequently,2,Married,Yes,1691,708,Female,FALSE
32,Travel_Rarely,4,Single,No,1692,1259,Male,FALSE
26,Non-Travel,3,Single,No,1693,786,Male,FALSE
55,Travel_Rarely,3,Divorced,No,1694,1441,Male,FALSE
34,Travel_Rarely,2,Married,No,1696,1157,Male,FALSE
60,Travel_Rarely,4,Divorced,No,1697,370,Male,FALSE
33,Travel_Rarely,3,Married,No,1698,267,Male,FALSE
37,Travel_Frequently,4,Divorced,No,1700,1278,Male,FALSE
34,Travel_Rarely,3,Married,No,1701,678,Female,FALSE
23,Travel_Rarely,3,Divorced,Yes,1702,427,Male,TRUE
44,Travel_Rarely,3,Married,Yes,1703,921,Female,FALSE
35,Travel_Frequently,4,Single,Yes,1704,146,Male,TRUE
43,Travel_Rarely,3,Married,Yes,1706,1179,Male,FALSE
24,Travel_Rarely,3,Married,No,1707,581,Male,FALSE
41,Travel_Rarely,3,Single,No,1708,918,Male,FALSE
29,Travel_Rarely,4,Married,No,1709,1082,Female,FALSE
36,Travel_Rarely,4,Single,No,1710,530,Female,FALSE
45,Non-Travel,1,Married,No,1712,1238,Male,FALSE
24,Travel_Rarely,1,Married,No,1714,240,Male,FALSE
47,Travel_Frequently,3,Married,No,1716,1093,Male,FALSE
26,Travel_Rarely,4,Married,No,1718,390,Male,FALSE
45,Travel_Rarely,2,Single,No,1719,1005,Female,FALSE
32,Travel_Frequently,3,Married,No,1720,585,Male,FALSE
31,Travel_Rarely,4,Married,No,1721,741,Male,FALSE
41,Non-Travel,3,Married,No,1722,552,Male,FALSE
40,Travel_Rarely,2,Married,Yes,1724,369,Female,FALSE
24,Travel_Rarely,1,Divorced,No,1725,506,Male,FALSE
46,Travel_Rarely,4,Single,No,1727,717,Male,FALSE
35,Travel_Rarely,4,Married,No,1728,1370,Male,FALSE
30,Travel_Rarely,1,Married,No,1729,793,Male,FALSE
47,Non-Travel,4,Married,No,1731,543,Male,FALSE
46,Travel_Rarely,3,Divorced,Yes,1732,1277,Male,TRUE
36,Travel_Rarely,5,Divorced,Yes,1733,1456,Male,TRUE
32,Travel_Rarely,2,Single,No,1734,964,Male,FALSE
23,Travel_Rarely,1,Single,No,1735,160,Female,FALSE
31,Travel_Frequently,1,Single,No,1736,163,Female,FALSE
39,Non-Travel,3,Married,Yes,1737,792,Male,FALSE
32,Travel_Rarely,3,Married,No,1739,371,Male,FALSE
40,Travel_Rarely,4,Single,No,1740,611,Male,FALSE
45,Travel_Rarely,3,Married,No,1744,176,Female,FALSE
30,Travel_Frequently,4,Single,No,1745,1312,Female,FALSE
24,Travel_Frequently,3,Married,No,1746,897,Male,FALSE
30,Travel_Frequently,3,Divorced,No,1747,600,Female,FALSE
31,Travel_Rarely,3,Married,No,1749,1003,Male,FALSE
27,Travel_Rarely,3,Single,No,1751,1054,Female,FALSE
29,Travel_Rarely,3,Single,No,1752,428,Female,FALSE
29,Travel_Frequently,3,Single,Yes,1753,461,Male,TRUE
30,Travel_Rarely,2,Divorced,No,1754,979,Male,FALSE
34,Travel_Rarely,4,Married,Yes,1755,181,Male,FALSE
33,Non-Travel,3,Single,No,1756,1283,Female,FALSE
49,Travel_Rarely,4,Single,No,1757,1313,Female,FALSE
33,Travel_Rarely,3,Single,Yes,1758,211,Female,TRUE
38,Travel_Frequently,2,Married,No,1760,594,Female,FALSE
31,Travel_Rarely,4,Married,No,1761,1079,Male,FALSE
29,Travel_Rarely,3,Divorced,No,1762,590,Female,FALSE
30,Travel_Rarely,3,Married,No,1763,305,Male,FALSE
32,Non-Travel,4,Single,No,1764,953,Male,FALSE
38,Travel_Rarely,3,Married,Yes,1766,833,Male,FALSE
43,Travel_Frequently,3,Married,Yes,1767,807,Male,FALSE
42,Travel_Rarely,3,Divorced,No,1768,855,Male,FALSE
55,Travel_Rarely,3,Married,No,1770,478,Male,FALSE
33,Non-Travel,3,Divorced,No,1771,775,Male,FALSE
41,Travel_Rarely,4,Divorced,No,1772,548,Male,FALSE
34,Non-Travel,3,Divorced,Yes,1774,1375,Male,FALSE
53,Non-Travel,4,Married,Yes,1775,661,Female,FALSE
43,Travel_Rarely,3,Single,No,1778,244,Male,FALSE
34,Travel_Rarely,2,Single,No,1779,511,Female,FALSE
21,Travel_Rarely,1,Single,No,1780,337,Male,FALSE
38,Travel_Rarely,2,Married,No,1782,1153,Female,FALSE
22,Travel_Rarely,1,Married,Yes,1783,1294,Female,FALSE
31,Travel_Rarely,4,Married,No,1784,196,Female,FALSE
51,Travel_Rarely,3,Married,No,1786,942,Female,FALSE
37,Travel_Rarely,2,Married,No,1787,589,Male,FALSE
46,Travel_Rarely,4,Divorced,Yes,1789,734,Male,TRUE
36,Travel_Rarely,3,Married,Yes,1790,1383,Male,FALSE
44,Travel_Frequently,2,Divorced,Yes,1792,429,Male,TRUE
37,Travel_Rarely,2,Divorced,No,1794,1239,Male,FALSE
35,Travel_Rarely,3,Single,Yes,1797,303,Male,TRUE
33,Travel_Rarely,4,Married,No,1798,867,Male,FALSE
28,Travel_Rarely,3,Married,No,1799,1181,Male,FALSE
39,Travel_Rarely,1,Single,No,1800,1253,Male,FALSE
46,Non-Travel,2,Single,No,1801,849,Male,FALSE
40,Travel_Rarely,2,Married,No,1802,616,Female,FALSE
42,Travel_Rarely,3,Married,No,1803,1128,Male,FALSE
35,Non-Travel,2,Divorced,No,1804,1180,Male,FALSE
38,Non-Travel,3,Divorced,No,1805,1336,Male,FALSE
34,Travel_Frequently,4,Married,No,1807,234,Male,FALSE
37,Travel_Rarely,4,Single,No,1809,370,Male,FALSE
39,Travel_Frequently,3,Divorced,No,1812,766,Male,FALSE
43,Non-Travel,3,Single,No,1813,343,Male,FALSE
41,Travel_Rarely,3,Single,No,1814,447,Male,FALSE
41,Travel_Rarely,1,Divorced,Yes,1815,796,Female,FALSE
30,Travel_Rarely,3,Single,No,1816,1092,Female,FALSE
26,Travel_Rarely,2,Married,Yes,1818,920,Female,FALSE
46,Travel_Rarely,2,Married,No,1821,261,Female,FALSE
40,Travel_Rarely,3,Divorced,No,1822,1194,Female,FALSE
34,Travel_Rarely,2,Married,No,1823,810,Male,FALSE
58,Non-Travel,3,Divorced,No,1824,350,Male,FALSE
35,Travel_Rarely,4,Married,No,1826,185,Male,FALSE
47,Travel_Rarely,3,Divorced,Yes,1827,1001,Female,TRUE
40,Travel_Rarely,3,Divorced,No,1829,750,Female,FALSE
54,Travel_Rarely,4,Married,No,1830,431,Female,FALSE
31,Travel_Frequently,4,Married,No,1833,1125,Female,FALSE
28,Travel_Rarely,3,Married,No,1834,1217,Female,FALSE
38,Travel_Rarely,4,Married,Yes,1835,723,Female,FALSE
26,Travel_Rarely,3,Single,No,1836,572,Male,FALSE
58,Travel_Frequently,4,Married,Yes,1837,1216,Male,FALSE
18,Non-Travel,3,Single,No,1839,1431,Female,FALSE
31,Travel_Rarely,5,Married,No,1842,359,Male,FALSE
29,Travel_Rarely,3,Divorced,Yes,1844,350,Male,TRUE
45,Non-Travel,4,Married,No,1845,589,Female,FALSE
36,Travel_Rarely,4,Married,Yes,1847,430,Female,FALSE
43,Travel_Frequently,4,Married,No,1849,1422,Male,FALSE
27,Travel_Frequently,2,Single,Yes,1850,1297,Female,TRUE
29,Travel_Frequently,1,Married,No,1852,574,Male,FALSE
32,Travel_Frequently,4,Single,No,1853,1318,Male,FALSE
42,Non-Travel,4,Married,No,1854,355,Male,FALSE
47,Travel_Rarely,4,Single,No,1856,207,Female,FALSE
46,Travel_Rarely,2,Divorced,No,1857,706,Male,FALSE
28,Non-Travel,2,Divorced,No,1858,280,Male,FALSE
29,Travel_Rarely,1,Divorced,No,1859,726,Male,FALSE
42,Travel_Rarely,3,Single,No,1860,1142,Male,FALSE
32,Travel_Rarely,4,Single,Yes,1862,414,Male,TRUE
46,Travel_Rarely,3,Divorced,No,1863,1319,Female,FALSE
27,Travel_Rarely,1,Married,No,1864,728,Female,FALSE
29,Travel_Rarely,1,Married,No,1865,352,Male,FALSE
43,Travel_Rarely,3,Married,No,1866,823,Female,FALSE
48,Travel_Rarely,3,Married,No,1867,1224,Male,FALSE
29,Travel_Frequently,2,Single,Yes,1868,459,Male,TRUE
46,Travel_Rarely,3,Married,No,1869,1254,Female,FALSE
27,Travel_Frequently,3,Married,No,1870,1131,Female,FALSE
39,Travel_Rarely,4,Divorced,No,1871,835,Male,FALSE
55,Travel_Rarely,4,Married,No,1873,836,Male,FALSE
28,Travel_Rarely,3,Married,No,1875,1172,Female,FALSE
30,Travel_Rarely,3,Single,No,1876,945,Male,FALSE
22,Travel_Rarely,1,Single,Yes,1878,391,Male,FALSE
36,Travel_Rarely,4,Married,Yes,1880,1266,Female,FALSE
31,Travel_Rarely,3,Divorced,No,1881,311,Male,FALSE
34,Travel_Rarely,3,Married,Yes,1882,1480,Male,FALSE
29,Travel_Rarely,3,Single,No,1883,592,Male,FALSE
37,Travel_Rarely,4,Married,Yes,1885,783,Male,FALSE
35,Travel_Rarely,2,Married,Yes,1886,219,Female,FALSE
45,Travel_Rarely,2,Married,No,1888,556,Female,FALSE
36,Travel_Frequently,1,Single,No,1890,1213,Male,FALSE
40,Travel_Rarely,4,Divorced,No,1892,1137,Male,FALSE
26,Travel_Rarely,2,Married,Yes,1893,482,Female,FALSE
27,Travel_Rarely,2,Single,No,1898,511,Female,FALSE
48,Travel_Frequently,3,Divorced,No,1900,117,Female,FALSE
44,Travel_Rarely,4,Married,No,1903,170,Male,FALSE
34,Non-Travel,4,Married,Yes,1905,967,Male,FALSE
56,Travel_Rarely,2,Single,No,1907,1162,Male,FALSE
36,Travel_Rarely,2,Married,No,1908,335,Male,FALSE
41,Travel_Rarely,3,Married,No,1909,337,Female,FALSE
42,Travel_Rarely,3,Married,No,1911,1396,Male,FALSE
31,Travel_Rarely,2,Divorced,Yes,1912,1079,Female,TRUE
34,Travel_Rarely,1,Married,Yes,1915,735,Female,FALSE
31,Travel_Rarely,3,Divorced,No,1916,471,Female,FALSE
26,Travel_Frequently,3,Married,No,1918,1096,Male,FALSE
45,Travel_Frequently,4,Single,No,1922,1297,Male,FALSE
33,Travel_Rarely,4,Single,No,1924,217,Male,FALSE
28,Travel_Frequently,2,Married,Yes,1927,783,Male,FALSE
29,Travel_Frequently,3,Single,No,1928,746,Male,FALSE
39,Non-Travel,4,Married,No,1929,1251,Female,FALSE
27,Travel_Rarely,4,Married,No,1931,1354,Male,FALSE
34,Travel_Frequently,4,Married,Yes,1932,735,Male,FALSE
28,Travel_Rarely,2,Single,Yes,1933,1475,Female,TRUE
47,Non-Travel,4,Married,No,1934,1169,Male,FALSE
56,Travel_Rarely,5,Married,No,1935,1443,Female,FALSE
39,Travel_Rarely,2,Married,No,1936,867,Male,FALSE
38,Travel_Frequently,3,Divorced,Yes,1937,1394,Female,TRUE
58,Travel_Rarely,3,Married,Yes,1938,605,Female,FALSE
32,Travel_Frequently,2,Single,Yes,1939,238,Female,TRUE
38,Travel_Rarely,2,Divorced,No,1940,1206,Male,FALSE
49,Travel_Frequently,1,Married,No,1941,1064,Male,FALSE
42,Travel_Rarely,4,Divorced,Yes,1943,419,Male,TRUE
27,Travel_Frequently,3,Married,No,1944,1337,Female,FALSE
35,Travel_Rarely,4,Married,No,1945,682,Male,FALSE
28,Non-Travel,3,Single,No,1947,1103,Male,FALSE
31,Non-Travel,2,Divorced,Yes,1948,976,Male,FALSE
36,Non-Travel,4,Married,No,1949,1351,Male,FALSE
34,Travel_Rarely,3,Single,No,1950,937,Male,FALSE
34,Travel_Rarely,4,Divorced,No,1951,1239,Male,FALSE
26,Travel_Rarely,3,Single,No,1952,157,Male,FALSE
29,Travel_Rarely,3,Married,No,1954,136,Male,FALSE
32,Non-Travel,4,Divorced,No,1955,1146,Female,FALSE
31,Travel_Frequently,3,Married,No,1956,1125,Male,FALSE
28,Travel_Rarely,3,Divorced,No,1960,1404,Male,FALSE
38,Travel_Rarely,3,Single,No,1961,1404,Male,FALSE
35,Travel_Rarely,4,Married,Yes,1962,1224,Female,FALSE
27,Travel_Rarely,3,Single,No,1965,954,Male,FALSE
32,Travel_Rarely,4,Single,No,1966,1373,Male,FALSE
31,Travel_Frequently,4,Married,Yes,1967,754,Male,FALSE
53,Travel_Rarely,4,Single,Yes,1968,1168,Male,FALSE
54,Travel_Rarely,2,Married,No,1969,155,Female,FALSE
33,Travel_Frequently,2,Divorced,No,1970,1303,Male,FALSE
43,Travel_Rarely,3,Married,No,1971,574,Male,FALSE
38,Travel_Frequently,4,Married,Yes,1972,1444,Male,FALSE
55,Travel_Rarely,4,Married,Yes,1973,189,Male,FALSE
31,Travel_Rarely,1,Divorced,Yes,1974,1276,Female,FALSE
39,Travel_Rarely,4,Single,No,1975,119,Male,FALSE
42,Non-Travel,2,Single,No,1976,335,Male,FALSE
31,Non-Travel,3,Married,No,1979,697,Female,FALSE
54,Travel_Rarely,3,Single,Yes,1980,157,Female,FALSE
24,Travel_Rarely,2,Single,No,1981,771,Male,FALSE
23,Travel_Rarely,2,Single,No,1982,571,Male,FALSE
40,Travel_Frequently,3,Married,No,1985,692,Female,FALSE
40,Travel_Rarely,2,Married,No,1986,444,Female,FALSE
25,Travel_Rarely,3,Married,No,1987,309,Female,FALSE
30,Travel_Rarely,2,Married,No,1989,911,Male,FALSE
25,Travel_Rarely,1,Divorced,Yes,1992,977,Male,FALSE
47,Travel_Rarely,3,Single,No,1993,1180,Male,FALSE
33,Non-Travel,2,Divorced,No,1994,1313,Male,FALSE
38,Travel_Rarely,4,Married,No,1995,1321,Male,FALSE
31,Travel_Rarely,2,Married,No,1996,1154,Male,FALSE
38,Travel_Frequently,4,Married,No,1997,508,Male,FALSE
42,Travel_Rarely,4,Divorced,Yes,1998,557,Male,TRUE
41,Travel_Rarely,3,Married,No,1999,642,Male,FALSE
47,Non-Travel,1,Married,No,2000,1162,Female,FALSE
35,Travel_Rarely,4,Married,Yes,2003,1490,Male,FALSE
22,Travel_Rarely,2,Single,No,2007,581,Male,FALSE
35,Travel_Rarely,4,Single,No,2008,1395,Male,FALSE
33,Travel_Rarely,2,Married,Yes,2009,501,Female,FALSE
32,Travel_Rarely,4,Single,No,2010,267,Female,FALSE
40,Travel_Rarely,4,Married,No,2012,543,Male,FALSE
32,Travel_Rarely,4,Married,No,2013,234,Male,FALSE
39,Travel_Rarely,1,Single,No,2014,116,Male,FALSE
38,Travel_Rarely,3,Married,No,2015,201,Female,FALSE
32,Travel_Rarely,4,Married,No,2016,801,Female,FALSE
37,Travel_Rarely,3,Married,Yes,2017,161,Female,FALSE
25,Travel_Rarely,2,Divorced,Yes,2018,1382,Female,TRUE
52,Non-Travel,4,Divorced,No,2019,585,Male,FALSE
44,Travel_Rarely,3,Single,Yes,2020,1037,Male,TRUE
21,Travel_Rarely,1,Single,Yes,2021,501,Male,FALSE
39,Non-Travel,3,Single,No,2022,105,Male,FALSE
23,Travel_Frequently,3,Married,No,2023,638,Male,FALSE
36,Travel_Rarely,3,Married,No,2024,557,Female,FALSE
36,Travel_Frequently,2,Divorced,No,2025,688,Female,FALSE
56,Non-Travel,4,Divorced,No,2026,667,Male,FALSE
29,Travel_Rarely,4,Married,Yes,2027,1092,Male,FALSE
42,Travel_Rarely,3,Married,No,2031,300,Male,FALSE
56,Travel_Rarely,2,Married,No,2032,310,Male,FALSE
41,Travel_Rarely,4,Married,No,2034,582,Female,FALSE
34,Travel_Rarely,3,Married,No,2035,704,Female,FALSE
36,Non-Travel,4,Divorced,No,2036,301,Male,FALSE
41,Travel_Rarely,3,Divorced,No,2037,930,Male,FALSE
32,Travel_Rarely,3,Single,No,2038,529,Male,FALSE
35,Travel_Rarely,4,Single,Yes,2040,1146,Female,TRUE
38,Travel_Rarely,2,Married,No,2041,345,Female,FALSE
50,Travel_Frequently,4,Divorced,No,2044,878,Male,FALSE
36,Travel_Rarely,4,Married,No,2045,1120,Female,FALSE
45,Travel_Rarely,3,Single,No,2046,374,Female,FALSE
40,Travel_Rarely,4,Single,No,2048,1322,Male,FALSE
35,Travel_Frequently,4,Married,Yes,2049,1199,Male,FALSE
40,Travel_Rarely,4,Married,No,2051,1194,Female,FALSE
35,Travel_Rarely,4,Married,No,2052,287,Female,FALSE
29,Travel_Rarely,2,Married,Yes,2053,1378,Male,FALSE
29,Travel_Rarely,4,Single,No,2054,468,Female,FALSE
50,Travel_Rarely,3,Divorced,Yes,2055,410,Male,FALSE
39,Travel_Rarely,1,Married,No,2056,722,Female,FALSE
31,Non-Travel,3,Single,No,2057,325,Male,FALSE
26,Travel_Rarely,3,Single,No,2060,1167,Female,FALSE
36,Travel_Frequently,2,Married,No,2061,884,Male,FALSE
39,Travel_Rarely,1,Married,No,2062,613,Male,FALSE
27,Travel_Rarely,3,Married,Yes,2064,155,Male,FALSE
49,Travel_Frequently,3,Married,No,2065,1023,Male,FALSE
34,Travel_Rarely,3,Married,No,2068,628,Male,FALSE
33,Travel_Rarely,3,Single,Yes,1829,217,Female,FALSE
35,Travel_Rarely,2,Divorced,No,1830,783,Female,FALSE
27,Travel_Frequently,2,Single,No,1833,746,Male,FALSE
26,Travel_Rarely,1,Married,No,1834,1251,Female,FALSE
27,Travel_Rarely,4,Divorced,No,1835,1354,Female,FALSE
30,Travel_Frequently,3,Married,No,1836,735,Male,FALSE
41,Travel_Rarely,4,Divorced,No,1837,1475,Male,FALSE
34,Travel_Frequently,3,Single,No,1839,1169,Female,FALSE
37,Travel_Rarely,2,Married,Yes,1842,1443,Female,FALSE
46,Travel_Rarely,4,Single,No,1844,867,Male,TRUE
35,Travel_Rarely,3,Single,No,1845,1394,Female,FALSE
48,Non-Travel,4,Married,No,1847,605,Male,TRUE
28,Non-Travel,3,Single,No,1849,238,Female,FALSE
44,Travel_Rarely,3,Married,No,1850,1206,Male,FALSE
35,Travel_Rarely,4,Divorced,Yes,1852,1064,Female,FALSE
26,Travel_Rarely,3,Married,No,1853,419,Male,FALSE
33,Travel_Frequently,3,Married,No,1854,1337,Male,FALSE
35,Travel_Rarely,3,Married,Yes,1856,682,Male,FALSE
35,Travel_Rarely,4,Divorced,No,1857,1103,Male,FALSE
31,Travel_Rarely,3,Single,Yes,1858,976,Male,FALSE
37,Travel_Rarely,4,Single,No,1859,1351,Female,FALSE
32,Travel_Rarely,4,Married,No,1858,1103,Female,FALSE
